Song,Artist,Genre,Album,Rating,Review,Release Date
Without Me,Lady Gaga,Classical,Essential Collection,5.0,This song never gets old!,2010-11-04
Let Her Go,Rihanna,House,Top Chart,3.4,This song never gets old!,2011-12-13
Rolling in the Deep,Nirvana,Punk,Platinum Records,3.9,This song never gets old!,2022-03-25
Uptown Funk,John Legend,Metal,Platinum Records,3.1,An absolute banger!,2015-08-20
Stressed Out,Eminem,House,Greatest Songs,3.9,A must-listen for all music lovers!,2013-11-08
Sorry,Shawn Mendes,R&B,Unplugged,3.1,Timeless classic!,2000-05-09
Sorry,The Chainsmokers,R&B,Best Hits,3.2,Fantastic melody and vocals.,2016-04-28
Sunflower,The Chainsmokers,House,Best Hits,3.7,A must-listen for all music lovers!,2013-01-18
Cheap Thrills,Shawn Mendes,Hip-Hop,Best Hits,4.9,Super catchy and emotional.,2024-06-09
Shallow,Queen,Folk,Golden Era,4.4,A must-listen for all music lovers!,2021-06-14
Someone Like You,Dua Lipa,Pop,Unplugged,3.5,A great beat with meaningful lyrics.,2012-08-14
Shape of You,Imagine Dragons,Reggae,Best Hits,4.8,Timeless classic!,2012-05-02
Rolling in the Deep,Taylor Swift,Metal,Greatest Songs,3.4,Timeless classic!,2008-08-24
We Don't Talk Anymore,Queen,Lo-Fi,Essential Collection,3.0,A masterpiece with incredible lyrics!,2007-06-21
Bad Guy,John Legend,Reggae,Unplugged,4.3,An absolute banger!,2001-05-15
Montero,BTS,Metal,Best Hits,3.6,Super catchy and emotional.,2013-04-19
Smells Like Teen Spirit,Eminem,Grunge,Best Hits,3.6,A true chart-topper!,2005-09-07
Sorry,Dua Lipa,Hip-Hop,Top Chart,3.6,Fantastic melody and vocals.,2024-11-04
Blank Space,Nirvana,Pop,Essential Collection,4.2,Timeless classic!,2019-10-11
Shape of You,Nirvana,Folk,Unplugged,3.9,A must-listen for all music lovers!,2004-10-18
Hotel California,Lady Gaga,Reggae,Best Hits,3.5,Super catchy and emotional.,2000-12-01
Despacito,Sam Smith,Jazz,Platinum Records,4.0,A great beat with meaningful lyrics.,2012-02-25
Attention,Dua Lipa,Folk,Essential Collection,3.7,An absolute banger!,2022-06-12
Blank Space,The Beatles,Hip-Hop,Essential Collection,3.2,Super catchy and emotional.,2024-09-03
Shake It Off,Bruno Mars,Blues,Unplugged,4.3,Super catchy and emotional.,2020-01-17
Old Town Road,Shawn Mendes,Hip-Hop,Golden Era,4.4,A great beat with meaningful lyrics.,2006-06-18
Radioactive,Taylor Swift,Electronic,Platinum Records,4.5,Fantastic melody and vocals.,2006-03-27
What Makes You Beautiful,Dua Lipa,Reggae,Platinum Records,3.3,Super catchy and emotional.,2017-07-28
What Makes You Beautiful,Camila Cabello,Jazz,Unplugged,3.7,A masterpiece with incredible lyrics!,2022-04-10
Rolling in the Deep,Ed Sheeran,R&B,Golden Era,4.6,Fantastic melody and vocals.,2005-06-11
Rockstar,One Direction,Lo-Fi,Essential Collection,4.5,This song never gets old!,2013-04-18
Smells Like Teen Spirit,Queen,Funk,Platinum Records,4.2,A great beat with meaningful lyrics.,2023-04-01
7 Rings,John Legend,Blues,Golden Era,4.2,A masterpiece with incredible lyrics!,2001-01-25
Rockstar,Ed Sheeran,Blues,Golden Era,3.5,Super catchy and emotional.,2016-02-17
Waka Waka,Shawn Mendes,Punk,Greatest Songs,3.6,Timeless classic!,2012-08-02
Without Me,Billie Eilish,Reggae,Golden Era,4.2,An absolute banger!,2005-05-10
Sorry,Shawn Mendes,Soul,Golden Era,3.2,Super catchy and emotional.,2000-04-21
Dance Monkey,Taylor Swift,Electronic,Unplugged,3.2,A masterpiece with incredible lyrics!,2024-12-08
Let Her Go,Taylor Swift,Punk,Top Chart,4.3,A great beat with meaningful lyrics.,2001-05-24
Thinking Out Loud,Billie Eilish,Lo-Fi,Golden Era,4.2,Fantastic melody and vocals.,2003-07-21
Believer,Imagine Dragons,Jazz,Greatest Songs,3.1,A masterpiece with incredible lyrics!,2012-03-27
7 Rings,Lady Gaga,Hip-Hop,Platinum Records,4.9,Fantastic melody and vocals.,2023-05-28
Sorry,Katy Perry,Jazz,Platinum Records,4.8,A must-listen for all music lovers!,2002-02-03
Sorry,Camila Cabello,Metal,Essential Collection,4.6,Fantastic melody and vocals.,2016-12-23
Happy,The Beatles,Pop,Best Hits,3.4,An absolute banger!,2024-12-14
Stressed Out,Post Malone,Electronic,Golden Era,3.9,A masterpiece with incredible lyrics!,2000-01-24
Payphone,Coldplay,Trap,Unplugged,3.2,A masterpiece with incredible lyrics!,2017-10-05
Can't Stop the Feeling,Post Malone,Disco,Golden Era,4.9,Timeless classic!,2003-12-19
Stay,Camila Cabello,Punk,Unplugged,4.2,A must-listen for all music lovers!,2012-04-27
Peaches,Queen,Grunge,Best Hits,3.6,A true chart-topper!,2019-05-26
Payphone,Lil Nas X,House,Best Hits,3.9,A true chart-topper!,2010-07-17
Payphone,Shawn Mendes,Jazz,Platinum Records,4.5,Super catchy and emotional.,2023-01-10
Shape of You,The Weeknd,Trap,Unplugged,4.1,Super catchy and emotional.,2008-08-07
Shallow,Billie Eilish,Lo-Fi,Greatest Songs,3.3,An absolute banger!,2003-05-21
Rockstar,Katy Perry,Trap,Platinum Records,3.3,An absolute banger!,2018-08-13
Bohemian Rhapsody,Lady Gaga,Grunge,Greatest Songs,3.8,Timeless classic!,2009-07-03
Memories,Imagine Dragons,R&B,Unplugged,4.4,A great beat with meaningful lyrics.,2007-07-18
Bad Habits,Drake,Trap,Top Chart,4.8,Fantastic melody and vocals.,2008-08-10
God's Plan,BTS,Rock,Best Hits,4.5,Fantastic melody and vocals.,2022-09-17
Uptown Funk,Drake,R&B,Essential Collection,4.7,A great beat with meaningful lyrics.,2007-07-01
Despacito,The Beatles,Rock,Best Hits,4.1,A true chart-topper!,2015-12-13
Take Me to Church,Maroon 5,Electronic,Unplugged,3.7,Timeless classic!,2011-09-23
Shake It Off,Ed Sheeran,Trap,Essential Collection,3.7,Fantastic melody and vocals.,2003-08-08
Levitating,Queen,Blues,Golden Era,4.3,Timeless classic!,2018-01-13
Despacito,Taylor Swift,Disco,Greatest Songs,3.2,A great beat with meaningful lyrics.,2024-04-15
Take Me to Church,Sam Smith,Electronic,Unplugged,3.9,Fantastic melody and vocals.,2011-08-19
Let Her Go,Rihanna,Jazz,Unplugged,4.0,A masterpiece with incredible lyrics!,2003-11-10
Bohemian Rhapsody,Dua Lipa,Hip-Hop,Top Chart,4.0,A great beat with meaningful lyrics.,2010-03-26
Bohemian Rhapsody,Justin Bieber,House,Golden Era,4.9,Timeless classic!,2020-02-04
Hotel California,Camila Cabello,Lo-Fi,Platinum Records,4.6,A great beat with meaningful lyrics.,2017-03-07
Roar,Katy Perry,Electronic,Essential Collection,3.3,A true chart-topper!,2015-10-08
7 Rings,Imagine Dragons,House,Greatest Songs,3.5,Fantastic melody and vocals.,2002-03-13
Peaches,Lil Nas X,Folk,Greatest Songs,4.9,An absolute banger!,2019-08-17
Without Me,Lady Gaga,Hip-Hop,Unplugged,3.6,Timeless classic!,2023-10-25
Radioactive,Imagine Dragons,Classical,Platinum Records,4.9,A true chart-topper!,2007-01-25
Bad Habits,Sia,Soul,Essential Collection,3.1,A masterpiece with incredible lyrics!,2015-05-14
Taki Taki,BTS,Country,Platinum Records,4.9,Super catchy and emotional.,2009-12-11
Billie Jean,Post Malone,Classical,Greatest Songs,3.4,This song never gets old!,2004-01-11
Sorry,Justin Bieber,Classical,Top Chart,4.6,A must-listen for all music lovers!,2022-10-20
Memories,John Legend,Electronic,Best Hits,4.0,Super catchy and emotional.,2013-01-09
Someone Like You,Michael Jackson,Pop,Greatest Songs,4.1,A great beat with meaningful lyrics.,2022-04-25
Radioactive,BTS,Disco,Unplugged,4.0,Fantastic melody and vocals.,2017-08-18
Taki Taki,Drake,Folk,Golden Era,3.1,A masterpiece with incredible lyrics!,2015-06-21
Despacito,Adele,Punk,Best Hits,3.9,A must-listen for all music lovers!,2007-06-15
Sorry,Drake,Reggae,Greatest Songs,4.0,This song never gets old!,2022-08-17
Rockstar,Queen,Disco,Golden Era,4.1,A great beat with meaningful lyrics.,2017-12-24
Uptown Funk,Katy Perry,Soul,Unplugged,3.8,A must-listen for all music lovers!,2002-02-14
Thunder,Sia,Blues,Best Hits,4.2,An absolute banger!,2022-02-13
Blank Space,Post Malone,Soul,Unplugged,3.4,A must-listen for all music lovers!,2004-01-06
Sorry,Michael Jackson,Electronic,Greatest Songs,3.0,This song never gets old!,2016-12-04
7 Rings,Lady Gaga,Classical,Golden Era,4.1,An absolute banger!,2005-04-15
Roar,Billie Eilish,House,Greatest Songs,4.2,Timeless classic!,2003-01-14
Blank Space,Taylor Swift,Folk,Platinum Records,3.0,A true chart-topper!,2015-03-21
Payphone,One Direction,Country,Top Chart,4.9,Fantastic melody and vocals.,2016-08-05
Thunder,The Weeknd,Hip-Hop,Essential Collection,4.0,A true chart-topper!,2023-09-14
Counting Stars,The Weeknd,Metal,Platinum Records,4.0,Super catchy and emotional.,2012-01-10
Counting Stars,Maroon 5,Jazz,Platinum Records,4.4,Timeless classic!,2003-07-10
Roar,Billie Eilish,Country,Greatest Songs,3.5,A great beat with meaningful lyrics.,2023-11-09
Levitating,The Weeknd,R&B,Essential Collection,4.7,A great beat with meaningful lyrics.,2016-06-20
Billie Jean,Drake,Trap,Unplugged,3.6,This song never gets old!,2011-10-21
Happy,The Chainsmokers,Hip-Hop,Best Hits,3.5,This song never gets old!,2005-03-10
Bad Guy,Eminem,Blues,Golden Era,3.2,Timeless classic!,2016-11-07
See You Again,Imagine Dragons,Classical,Platinum Records,3.4,Timeless classic!,2019-12-12
Stressed Out,Rihanna,R&B,Platinum Records,4.1,A must-listen for all music lovers!,2016-10-09
Sorry,Maroon 5,Blues,Greatest Songs,3.6,A masterpiece with incredible lyrics!,2015-08-07
Faded,Michael Jackson,Jazz,Unplugged,4.3,A true chart-topper!,2010-12-24
Despacito,Lady Gaga,Grunge,Greatest Songs,4.9,A great beat with meaningful lyrics.,2004-03-17
What Makes You Beautiful,Katy Perry,Country,Best Hits,3.6,An absolute banger!,2022-08-01
Blank Space,Sia,Funk,Greatest Songs,3.3,This song never gets old!,2010-07-06
Sugar,Katy Perry,R&B,Platinum Records,4.7,Fantastic melody and vocals.,2004-08-03
Without Me,Eminem,Pop,Golden Era,3.1,A great beat with meaningful lyrics.,2000-05-23
Believer,Dua Lipa,Hip-Hop,Essential Collection,5.0,Timeless classic!,2006-04-23
Shake It Off,Sia,Punk,Top Chart,5.0,An absolute banger!,2003-09-15
Bad Guy,The Beatles,Classical,Greatest Songs,3.4,A masterpiece with incredible lyrics!,2010-02-02
Shape of You,Sia,Hip-Hop,Top Chart,3.2,Fantastic melody and vocals.,2019-08-20
Faded,Coldplay,Trap,Unplugged,4.3,Super catchy and emotional.,2005-02-12
Bohemian Rhapsody,Rihanna,Country,Essential Collection,4.3,Fantastic melody and vocals.,2020-09-08
Someone Like You,Lady Gaga,Electronic,Essential Collection,4.9,Super catchy and emotional.,2011-11-01
Montero,Rihanna,Blues,Unplugged,3.6,A true chart-topper!,2006-05-10
Hello,Lady Gaga,Pop,Unplugged,4.9,Timeless classic!,2013-10-24
Sugar,Maroon 5,Punk,Greatest Songs,4.8,A true chart-topper!,2009-06-20
Stay,BTS,Blues,Essential Collection,3.5,Super catchy and emotional.,2024-07-09
We Don't Talk Anymore,Dua Lipa,Country,Best Hits,3.3,Timeless classic!,2017-09-21
Faded,Queen,Soul,Top Chart,4.8,Fantastic melody and vocals.,2021-04-03
Shape of You,Nirvana,Country,Platinum Records,3.6,Timeless classic!,2018-03-04
Rockstar,Nirvana,Disco,Unplugged,5.0,An absolute banger!,2023-04-09
Havana,The Weeknd,Blues,Best Hits,4.3,Timeless classic!,2005-05-19
Cheap Thrills,Adele,R&B,Golden Era,3.0,A masterpiece with incredible lyrics!,2003-03-26
Can't Stop the Feeling,Billie Eilish,Lo-Fi,Unplugged,3.7,Fantastic melody and vocals.,2016-10-21
Despacito,The Beatles,Lo-Fi,Greatest Songs,4.5,A masterpiece with incredible lyrics!,2024-07-11
Rolling in the Deep,The Weeknd,Folk,Essential Collection,3.6,A must-listen for all music lovers!,2018-10-20
Memories,Rihanna,Pop,Unplugged,3.5,Timeless classic!,2008-12-28
Sugar,Adele,Folk,Platinum Records,3.0,An absolute banger!,2019-11-16
Sugar,Michael Jackson,Trap,Top Chart,4.3,A masterpiece with incredible lyrics!,2006-03-01
Senorita,The Weeknd,Pop,Platinum Records,4.7,Fantastic melody and vocals.,2007-04-03
Sugar,Adele,R&B,Best Hits,4.9,Timeless classic!,2019-03-05
Bad Guy,Eminem,Soul,Platinum Records,4.2,A masterpiece with incredible lyrics!,2005-08-28
7 Rings,The Chainsmokers,Soul,Greatest Songs,4.4,This song never gets old!,2000-06-03
Perfect,Nirvana,Metal,Essential Collection,4.4,A great beat with meaningful lyrics.,2001-03-17
Perfect,The Chainsmokers,Country,Top Chart,4.9,A masterpiece with incredible lyrics!,2014-07-22
Perfect,Bruno Mars,R&B,Top Chart,3.5,A masterpiece with incredible lyrics!,2015-06-10
Chandelier,Taylor Swift,Rock,Top Chart,4.3,Timeless classic!,2016-02-08
Radioactive,The Beatles,Soul,Top Chart,4.2,Super catchy and emotional.,2017-07-13
Faded,The Chainsmokers,Folk,Unplugged,3.4,A great beat with meaningful lyrics.,2024-07-23
Hotline Bling,Michael Jackson,Soul,Greatest Songs,3.9,Timeless classic!,2015-06-10
God's Plan,BTS,Funk,Greatest Songs,3.6,A true chart-topper!,2016-06-17
Love Yourself,One Direction,Lo-Fi,Best Hits,3.4,A true chart-topper!,2002-10-27
Smells Like Teen Spirit,Adele,Classical,Best Hits,4.3,Super catchy and emotional.,2006-03-21
Peaches,Queen,R&B,Platinum Records,4.7,An absolute banger!,2008-12-05
Radioactive,Dua Lipa,Pop,Greatest Songs,3.8,Timeless classic!,2013-09-15
Uptown Funk,Lil Nas X,Soul,Best Hits,3.9,Super catchy and emotional.,2015-12-26
Can't Stop the Feeling,Imagine Dragons,House,Top Chart,4.5,A must-listen for all music lovers!,2008-11-04
Billie Jean,Nirvana,Soul,Golden Era,3.9,This song never gets old!,2017-07-21
Shape of You,Eminem,Funk,Platinum Records,3.3,An absolute banger!,2011-03-01
Payphone,Taylor Swift,Metal,Unplugged,4.0,Timeless classic!,2011-08-25
Shake It Off,The Weeknd,Metal,Golden Era,4.0,A must-listen for all music lovers!,2021-06-24
Bohemian Rhapsody,Billie Eilish,Pop,Top Chart,3.9,A masterpiece with incredible lyrics!,2013-04-20
Let Her Go,Drake,Lo-Fi,Greatest Songs,4.6,Fantastic melody and vocals.,2017-04-13
7 Rings,Sam Smith,Classical,Golden Era,3.4,A great beat with meaningful lyrics.,2011-03-24
Peaches,Nirvana,Blues,Greatest Songs,4.1,A must-listen for all music lovers!,2000-04-15
Memories,Katy Perry,Lo-Fi,Platinum Records,4.9,This song never gets old!,2011-09-07
Thunder,Rihanna,Lo-Fi,Greatest Songs,3.4,This song never gets old!,2000-10-10
Happy,Imagine Dragons,Hip-Hop,Best Hits,3.6,This song never gets old!,2010-02-12
Havana,Eminem,Folk,Greatest Songs,3.6,An absolute banger!,2008-09-01
Senorita,Eminem,Metal,Top Chart,4.8,Timeless classic!,2019-05-02
Closer,The Weeknd,Folk,Essential Collection,4.6,Timeless classic!,2020-05-21
Shape of You,Michael Jackson,Classical,Greatest Songs,4.4,Timeless classic!,2015-07-02
Love Yourself,Imagine Dragons,Lo-Fi,Greatest Songs,3.4,Super catchy and emotional.,2022-12-09
Counting Stars,Camila Cabello,Lo-Fi,Platinum Records,3.3,This song never gets old!,2008-11-02
Faded,Bruno Mars,Pop,Best Hits,3.9,A great beat with meaningful lyrics.,2018-01-28
Shape of You,Adele,Country,Unplugged,3.9,Super catchy and emotional.,2022-08-20
Shake It Off,Dua Lipa,Hip-Hop,Greatest Songs,4.3,A must-listen for all music lovers!,2020-08-16
Despacito,Camila Cabello,Folk,Golden Era,3.8,Timeless classic!,2005-08-24
Thunder,The Beatles,Disco,Unplugged,4.4,Super catchy and emotional.,2020-09-26
Despacito,The Beatles,Country,Top Chart,3.3,This song never gets old!,2003-01-12
Shake It Off,Maroon 5,Trap,Essential Collection,4.5,A true chart-topper!,2000-10-23
Thunder,Ed Sheeran,Jazz,Unplugged,3.0,A must-listen for all music lovers!,2004-12-24
Rolling in the Deep,Justin Bieber,Pop,Essential Collection,3.2,Timeless classic!,2005-03-03
Stay,The Weeknd,Pop,Best Hits,3.8,Timeless classic!,2013-02-02
Sorry,Billie Eilish,Hip-Hop,Greatest Songs,3.2,An absolute banger!,2014-11-23
Rolling in the Deep,The Chainsmokers,Lo-Fi,Golden Era,3.0,Timeless classic!,2001-06-04
Love Yourself,Michael Jackson,R&B,Platinum Records,4.7,Fantastic melody and vocals.,2017-05-28
Blank Space,Rihanna,Trap,Greatest Songs,4.9,A true chart-topper!,2006-11-20
Happier,Taylor Swift,Jazz,Greatest Songs,3.3,Super catchy and emotional.,2023-01-11
Can't Stop the Feeling,Taylor Swift,Trap,Greatest Songs,4.5,This song never gets old!,2021-06-23
Sorry,Michael Jackson,Rock,Greatest Songs,3.5,This song never gets old!,2005-10-24
Happy,Eminem,Disco,Platinum Records,4.9,An absolute banger!,2011-09-01
Stay,Katy Perry,Electronic,Greatest Songs,4.2,Super catchy and emotional.,2021-07-14
Rockstar,Camila Cabello,Reggae,Greatest Songs,4.6,A true chart-topper!,2021-11-02
7 Rings,Sia,Classical,Unplugged,3.0,Fantastic melody and vocals.,2002-04-27
Can't Stop the Feeling,Katy Perry,Punk,Essential Collection,4.6,A great beat with meaningful lyrics.,2024-09-05
Billie Jean,One Direction,Lo-Fi,Unplugged,4.1,A true chart-topper!,2023-05-03
What Makes You Beautiful,Dua Lipa,Folk,Platinum Records,4.6,A great beat with meaningful lyrics.,2005-08-02
Radioactive,Ed Sheeran,Grunge,Unplugged,4.7,Fantastic melody and vocals.,2008-10-07
Hello,Eminem,Blues,Top Chart,3.2,A great beat with meaningful lyrics.,2022-09-14
Memories,Maroon 5,Rock,Top Chart,3.3,This song never gets old!,2005-11-24
Thinking Out Loud,Eminem,Soul,Golden Era,4.5,Fantastic melody and vocals.,2000-05-09
Sorry,Shawn Mendes,Soul,Best Hits,4.8,This song never gets old!,2017-06-04
Cheap Thrills,Camila Cabello,Rock,Golden Era,4.6,This song never gets old!,2010-08-19
Levitating,Katy Perry,Funk,Best Hits,3.6,Fantastic melody and vocals.,2022-02-19
Dance Monkey,Sia,Trap,Best Hits,4.0,A masterpiece with incredible lyrics!,2014-02-04
Smells Like Teen Spirit,John Legend,Classical,Best Hits,3.5,A true chart-topper!,2002-03-24
Montero,Lady Gaga,Disco,Golden Era,4.1,A masterpiece with incredible lyrics!,2002-03-11
Levitating,Sam Smith,Reggae,Greatest Songs,3.5,This song never gets old!,2018-11-01
Payphone,The Beatles,Funk,Essential Collection,4.1,An absolute banger!,2024-03-26
Happier,Michael Jackson,Trap,Top Chart,3.0,Super catchy and emotional.,2000-04-21
Believer,Eminem,House,Greatest Songs,3.1,Timeless classic!,2011-08-03
Stressed Out,Bruno Mars,Rock,Best Hits,4.1,A must-listen for all music lovers!,2023-04-10
Bad Guy,Rihanna,Rock,Essential Collection,3.2,A true chart-topper!,2021-11-28
Radioactive,Ed Sheeran,Punk,Golden Era,4.8,A great beat with meaningful lyrics.,2006-12-25
Thunder,Shawn Mendes,Funk,Top Chart,3.8,Super catchy and emotional.,2023-03-10
See You Again,The Weeknd,Lo-Fi,Unplugged,3.0,A true chart-topper!,2001-07-23
Stay,Taylor Swift,Country,Golden Era,3.4,Timeless classic!,2009-03-09
Sunflower,Camila Cabello,Funk,Platinum Records,3.5,A masterpiece with incredible lyrics!,2004-10-11
What Makes You Beautiful,Justin Bieber,Reggae,Essential Collection,3.8,This song never gets old!,2013-04-27
We Don't Talk Anymore,One Direction,Hip-Hop,Greatest Songs,3.7,Super catchy and emotional.,2006-05-07
"Thank U, Next",Queen,Disco,Best Hits,3.6,This song never gets old!,2005-05-09
Hotline Bling,Post Malone,Trap,Golden Era,4.8,A masterpiece with incredible lyrics!,2022-08-09
Taki Taki,Sam Smith,Rock,Best Hits,4.4,Fantastic melody and vocals.,2002-08-12
Levitating,The Chainsmokers,Soul,Essential Collection,4.4,A true chart-topper!,2018-06-12
Faded,Taylor Swift,Blues,Essential Collection,4.4,Fantastic melody and vocals.,2024-11-17
Rolling in the Deep,Sam Smith,Disco,Top Chart,4.8,A masterpiece with incredible lyrics!,2014-11-22
Faded,Eminem,House,Unplugged,4.0,An absolute banger!,2005-01-27
Can't Stop the Feeling,Billie Eilish,Soul,Platinum Records,5.0,A masterpiece with incredible lyrics!,2018-07-05
Closer,Eminem,Classical,Platinum Records,3.4,Timeless classic!,2017-10-07
Smells Like Teen Spirit,Sia,Reggae,Golden Era,4.9,An absolute banger!,2022-07-12
Thunder,The Chainsmokers,Jazz,Unplugged,3.6,A great beat with meaningful lyrics.,2020-11-26
Stay,Coldplay,Jazz,Golden Era,3.2,An absolute banger!,2009-04-11
Waka Waka,Imagine Dragons,Jazz,Unplugged,3.7,Timeless classic!,2022-09-18
Counting Stars,Rihanna,R&B,Greatest Songs,3.7,Fantastic melody and vocals.,2023-05-03
Memories,Taylor Swift,Country,Unplugged,4.8,A great beat with meaningful lyrics.,2016-04-09
Happier,The Weeknd,Jazz,Top Chart,3.2,A masterpiece with incredible lyrics!,2006-08-09
Sugar,Drake,Punk,Essential Collection,3.1,An absolute banger!,2001-02-17
Dance Monkey,Dua Lipa,Folk,Greatest Songs,3.3,A true chart-topper!,2021-11-06
Smells Like Teen Spirit,Katy Perry,Lo-Fi,Essential Collection,3.9,A masterpiece with incredible lyrics!,2015-03-15
Chandelier,Adele,Country,Essential Collection,3.7,A must-listen for all music lovers!,2018-06-12
Industry Baby,Eminem,Trap,Top Chart,3.4,A true chart-topper!,2018-07-22
Radioactive,Coldplay,Trap,Best Hits,3.9,Super catchy and emotional.,2018-01-11
Happy,Imagine Dragons,Country,Platinum Records,4.8,A true chart-topper!,2022-02-21
Stay,Bruno Mars,Lo-Fi,Best Hits,4.4,Fantastic melody and vocals.,2011-01-06
Radioactive,Shawn Mendes,Funk,Essential Collection,4.2,Super catchy and emotional.,2013-08-11
Memories,Bruno Mars,Classical,Unplugged,3.6,A must-listen for all music lovers!,2010-11-04
7 Rings,Camila Cabello,Country,Platinum Records,4.8,Super catchy and emotional.,2005-06-10
Payphone,John Legend,Grunge,Golden Era,3.5,Timeless classic!,2005-08-18
Shake It Off,Lady Gaga,Pop,Top Chart,4.0,Timeless classic!,2005-01-15
Thinking Out Loud,Justin Bieber,Folk,Unplugged,3.7,A masterpiece with incredible lyrics!,2019-08-19
Senorita,John Legend,Soul,Golden Era,3.5,Fantastic melody and vocals.,2018-12-14
See You Again,Sia,Punk,Unplugged,4.8,A must-listen for all music lovers!,2023-07-16
Stressed Out,Michael Jackson,Blues,Top Chart,4.6,An absolute banger!,2007-05-24
What Makes You Beautiful,The Beatles,Hip-Hop,Platinum Records,4.6,An absolute banger!,2011-10-11
Happy,Rihanna,Blues,Greatest Songs,4.7,A masterpiece with incredible lyrics!,2015-11-13
Let Her Go,Lady Gaga,Blues,Platinum Records,5.0,Super catchy and emotional.,2009-01-08
7 Rings,Imagine Dragons,Folk,Top Chart,4.6,An absolute banger!,2024-09-04
Rockstar,Nirvana,Lo-Fi,Essential Collection,3.3,A true chart-topper!,2013-07-25
Roar,Sam Smith,Jazz,Golden Era,3.3,An absolute banger!,2008-10-13
Hotel California,Dua Lipa,Blues,Top Chart,3.9,A must-listen for all music lovers!,2018-01-06
Bad Habits,Katy Perry,Punk,Greatest Songs,4.6,A must-listen for all music lovers!,2016-03-10
Shape of You,Rihanna,Country,Greatest Songs,5.0,An absolute banger!,2019-12-17
Cheap Thrills,Maroon 5,Metal,Unplugged,4.6,Fantastic melody and vocals.,2006-10-25
Taki Taki,Taylor Swift,Jazz,Unplugged,3.2,A masterpiece with incredible lyrics!,2004-03-22
Waka Waka,The Beatles,Metal,Unplugged,3.9,A true chart-topper!,2010-01-03
Peaches,Lady Gaga,Grunge,Greatest Songs,4.5,Fantastic melody and vocals.,2009-03-26
Hotel California,The Chainsmokers,Hip-Hop,Best Hits,3.3,This song never gets old!,2011-08-13
Thunder,Katy Perry,Reggae,Essential Collection,3.6,A masterpiece with incredible lyrics!,2005-08-01
Sorry,Coldplay,Hip-Hop,Golden Era,3.3,An absolute banger!,2021-03-07
Happier,BTS,R&B,Golden Era,4.5,Timeless classic!,2005-05-10
7 Rings,Eminem,Reggae,Essential Collection,3.7,This song never gets old!,2002-03-08
"Thank U, Next",BTS,Hip-Hop,Greatest Songs,4.0,Fantastic melody and vocals.,2006-07-03
Industry Baby,Michael Jackson,House,Best Hits,4.0,Super catchy and emotional.,2023-04-05
We Don't Talk Anymore,Drake,Pop,Golden Era,4.9,A must-listen for all music lovers!,2021-09-28
Shallow,Sia,Rock,Unplugged,4.2,A true chart-topper!,2024-06-01
Let Her Go,Adele,Funk,Greatest Songs,4.3,Timeless classic!,2015-03-12
Closer,Dua Lipa,Folk,Essential Collection,3.3,Fantastic melody and vocals.,2003-08-18
No Tears Left to Cry,Rihanna,Jazz,Platinum Records,4.9,An absolute banger!,2021-07-23
Cheap Thrills,Katy Perry,Trap,Greatest Songs,4.8,This song never gets old!,2006-08-22
Payphone,Queen,Reggae,Unplugged,3.8,Super catchy and emotional.,2012-08-23
Stay,Lady Gaga,Soul,Top Chart,4.1,A masterpiece with incredible lyrics!,2007-02-13
What Makes You Beautiful,Eminem,Hip-Hop,Platinum Records,4.1,Super catchy and emotional.,2004-06-25
Levitating,Nirvana,Jazz,Golden Era,4.0,Super catchy and emotional.,2004-07-25
Without Me,Drake,Jazz,Greatest Songs,4.1,A must-listen for all music lovers!,2010-05-27
God's Plan,Adele,Funk,Platinum Records,3.5,Super catchy and emotional.,2021-12-28
Memories,Drake,Grunge,Best Hits,3.2,A true chart-topper!,2013-10-13
No Tears Left to Cry,Sia,Blues,Unplugged,4.4,A true chart-topper!,2017-02-12
Thunder,Eminem,Electronic,Golden Era,4.1,A must-listen for all music lovers!,2015-11-24
Savage Love,Billie Eilish,Grunge,Top Chart,4.6,Fantastic melody and vocals.,2018-01-08
Cheap Thrills,BTS,Country,Unplugged,4.6,Fantastic melody and vocals.,2019-03-25
Bad Guy,Taylor Swift,House,Greatest Songs,3.4,Timeless classic!,2007-06-12
Waka Waka,Eminem,Blues,Top Chart,3.2,Timeless classic!,2010-09-27
Thinking Out Loud,Dua Lipa,Grunge,Unplugged,3.7,An absolute banger!,2000-10-20
Hello,Bruno Mars,Jazz,Greatest Songs,3.4,Fantastic melody and vocals.,2024-07-03
Let Her Go,Adele,Hip-Hop,Unplugged,4.7,A great beat with meaningful lyrics.,2020-04-05
Old Town Road,One Direction,Grunge,Top Chart,3.7,Timeless classic!,2015-04-02
Perfect,Ed Sheeran,Electronic,Greatest Songs,3.9,This song never gets old!,2006-05-14
Old Town Road,The Weeknd,Pop,Greatest Songs,3.3,This song never gets old!,2002-06-13
We Don't Talk Anymore,Coldplay,Hip-Hop,Best Hits,3.2,An absolute banger!,2020-03-14
Blank Space,Sam Smith,Rock,Unplugged,4.8,Fantastic melody and vocals.,2004-05-10
Rockstar,Post Malone,Metal,Unplugged,3.7,This song never gets old!,2012-11-27
Radioactive,Coldplay,Pop,Top Chart,4.7,This song never gets old!,2015-01-09
Levitating,Lady Gaga,Country,Unplugged,4.6,Super catchy and emotional.,2013-03-06
Memories,Drake,Jazz,Platinum Records,3.3,A masterpiece with incredible lyrics!,2012-11-17
Senorita,Drake,Funk,Greatest Songs,3.9,Timeless classic!,2003-08-26
Shake It Off,The Beatles,Folk,Platinum Records,4.7,Fantastic melody and vocals.,2002-06-22
Peaches,Michael Jackson,Blues,Golden Era,4.1,An absolute banger!,2023-02-21
Montero,Sam Smith,Reggae,Unplugged,4.9,This song never gets old!,2012-01-06
God's Plan,Shawn Mendes,Reggae,Greatest Songs,3.8,A masterpiece with incredible lyrics!,2010-03-19
Smells Like Teen Spirit,Ed Sheeran,Grunge,Unplugged,3.4,Timeless classic!,2016-07-22
Cheap Thrills,BTS,Disco,Top Chart,3.4,A masterpiece with incredible lyrics!,2014-01-16
Happier,Queen,Lo-Fi,Best Hits,4.5,Fantastic melody and vocals.,2020-11-13
Levitating,Justin Bieber,Classical,Essential Collection,3.2,A masterpiece with incredible lyrics!,2013-01-10
Senorita,Taylor Swift,R&B,Platinum Records,4.4,A great beat with meaningful lyrics.,2013-05-24
Closer,Billie Eilish,Pop,Golden Era,3.3,Super catchy and emotional.,2020-02-20
Industry Baby,Sia,Rock,Platinum Records,4.5,Fantastic melody and vocals.,2014-09-12
Believer,Bruno Mars,Rock,Greatest Songs,4.4,Fantastic melody and vocals.,2024-08-23
Chandelier,Billie Eilish,Jazz,Platinum Records,3.8,Timeless classic!,2010-09-12
Billie Jean,One Direction,Jazz,Golden Era,3.1,A masterpiece with incredible lyrics!,2003-03-14
Stressed Out,Bruno Mars,House,Unplugged,3.2,Super catchy and emotional.,2017-07-28
Blank Space,Eminem,Metal,Platinum Records,4.2,A great beat with meaningful lyrics.,2021-02-05
Attention,Post Malone,Reggae,Platinum Records,4.0,A true chart-topper!,2000-06-23
Perfect,Justin Bieber,Country,Best Hits,4.2,A true chart-topper!,2018-05-07
See You Again,BTS,Lo-Fi,Essential Collection,3.3,A must-listen for all music lovers!,2016-10-24
Perfect,Coldplay,Classical,Greatest Songs,3.3,A great beat with meaningful lyrics.,2014-07-02
Uptown Funk,Lil Nas X,Blues,Golden Era,3.3,A true chart-topper!,2014-05-02
Old Town Road,Ed Sheeran,Soul,Golden Era,3.5,This song never gets old!,2003-08-15
Thinking Out Loud,Lil Nas X,Lo-Fi,Greatest Songs,3.0,A true chart-topper!,2011-01-20
Shape of You,Sam Smith,Trap,Top Chart,4.7,An absolute banger!,2021-06-09
Perfect,One Direction,Jazz,Greatest Songs,3.8,Super catchy and emotional.,2013-06-22
Stay,Post Malone,House,Unplugged,4.5,Super catchy and emotional.,2009-01-18
Industry Baby,Sam Smith,Funk,Essential Collection,3.9,A great beat with meaningful lyrics.,2008-03-10
Radioactive,Nirvana,Rock,Platinum Records,3.3,A great beat with meaningful lyrics.,2011-07-01
Let Her Go,Michael Jackson,Country,Best Hits,4.1,Fantastic melody and vocals.,2014-06-10
Sorry,Rihanna,Blues,Top Chart,4.9,Super catchy and emotional.,2020-01-20
Roar,Michael Jackson,Soul,Golden Era,3.9,Timeless classic!,2003-06-24
Memories,Shawn Mendes,Electronic,Unplugged,4.4,Timeless classic!,2001-09-24
Memories,Sia,Rock,Unplugged,3.9,This song never gets old!,2012-04-06
Chandelier,Lady Gaga,Disco,Essential Collection,4.3,An absolute banger!,2002-09-04
Havana,Billie Eilish,Trap,Unplugged,3.0,Fantastic melody and vocals.,2004-12-05
Bohemian Rhapsody,Rihanna,Punk,Unplugged,3.2,This song never gets old!,2020-08-14
Thinking Out Loud,Ed Sheeran,Jazz,Best Hits,3.1,Fantastic melody and vocals.,2008-06-15
Billie Jean,John Legend,R&B,Unplugged,4.3,Super catchy and emotional.,2022-10-08
Closer,Imagine Dragons,Punk,Greatest Songs,4.2,A true chart-topper!,2023-09-19
Someone Like You,BTS,Lo-Fi,Golden Era,3.3,A true chart-topper!,2014-01-03
Shape of You,Imagine Dragons,R&B,Platinum Records,3.3,Timeless classic!,2010-06-02
Stressed Out,The Beatles,Grunge,Greatest Songs,3.8,Super catchy and emotional.,2004-10-24
Dance Monkey,Lil Nas X,Disco,Top Chart,3.8,A great beat with meaningful lyrics.,2020-02-13
Stay,Billie Eilish,Metal,Essential Collection,4.9,A great beat with meaningful lyrics.,2016-12-03
Closer,Billie Eilish,Disco,Top Chart,3.9,This song never gets old!,2010-11-24
7 Rings,BTS,Reggae,Platinum Records,4.4,An absolute banger!,2009-07-13
Roar,Sia,Punk,Greatest Songs,3.5,A masterpiece with incredible lyrics!,2000-03-24
Hotel California,Sia,Disco,Platinum Records,4.1,A masterpiece with incredible lyrics!,2008-12-21
Chandelier,BTS,Folk,Golden Era,3.6,Super catchy and emotional.,2023-02-27
Levitating,Michael Jackson,Grunge,Top Chart,3.5,A must-listen for all music lovers!,2013-02-26
Bohemian Rhapsody,Billie Eilish,Country,Top Chart,4.9,An absolute banger!,2006-10-09
"Thank U, Next",The Beatles,Reggae,Top Chart,3.5,An absolute banger!,2009-10-17
Savage Love,One Direction,Disco,Unplugged,3.2,Fantastic melody and vocals.,2017-04-23
Sorry,Ed Sheeran,Punk,Greatest Songs,3.8,Fantastic melody and vocals.,2001-06-19
Dance Monkey,Shawn Mendes,Punk,Top Chart,4.9,A great beat with meaningful lyrics.,2015-04-25
Shape of You,Billie Eilish,Punk,Greatest Songs,4.5,A must-listen for all music lovers!,2013-05-24
Bad Guy,Drake,Electronic,Greatest Songs,3.8,A must-listen for all music lovers!,2022-03-09
Peaches,The Chainsmokers,Trap,Best Hits,3.1,An absolute banger!,2016-11-02
Havana,Billie Eilish,Metal,Golden Era,3.8,Super catchy and emotional.,2019-07-06
Hotline Bling,Michael Jackson,Trap,Greatest Songs,4.6,This song never gets old!,2021-05-09
Shake It Off,Adele,Soul,Unplugged,5.0,This song never gets old!,2000-07-07
Attention,John Legend,Jazz,Essential Collection,4.2,An absolute banger!,2000-07-22
Radioactive,Coldplay,Blues,Best Hits,3.2,A masterpiece with incredible lyrics!,2004-05-09
Peaches,Drake,Jazz,Greatest Songs,4.4,Timeless classic!,2014-10-26
Smells Like Teen Spirit,Katy Perry,Folk,Unplugged,4.0,An absolute banger!,2020-06-04
Havana,Dua Lipa,Blues,Unplugged,4.3,A masterpiece with incredible lyrics!,2007-04-01
"Thank U, Next",Rihanna,Metal,Top Chart,3.8,An absolute banger!,2022-06-08
Senorita,Imagine Dragons,Jazz,Platinum Records,3.8,Fantastic melody and vocals.,2002-10-10
Havana,Lil Nas X,Funk,Platinum Records,3.1,A great beat with meaningful lyrics.,2023-12-20
Hello,Shawn Mendes,Classical,Greatest Songs,3.7,A masterpiece with incredible lyrics!,2014-10-14
7 Rings,Eminem,Metal,Unplugged,3.8,Super catchy and emotional.,2020-10-11
7 Rings,Katy Perry,Trap,Top Chart,3.5,A great beat with meaningful lyrics.,2017-07-16
Bad Habits,Michael Jackson,Grunge,Best Hits,3.2,An absolute banger!,2017-01-11
Hotline Bling,Billie Eilish,Reggae,Best Hits,3.7,Fantastic melody and vocals.,2010-06-12
See You Again,Nirvana,Electronic,Golden Era,4.6,This song never gets old!,2014-03-15
Shallow,The Chainsmokers,House,Platinum Records,3.7,Super catchy and emotional.,2023-08-07
Montero,Coldplay,R&B,Top Chart,3.5,A true chart-topper!,2017-12-06
Savage Love,Justin Bieber,Rock,Best Hits,3.3,A must-listen for all music lovers!,2021-07-09
Montero,The Beatles,R&B,Best Hits,3.2,A must-listen for all music lovers!,2012-01-22
Someone Like You,Nirvana,Funk,Essential Collection,3.4,Timeless classic!,2018-02-21
Perfect,Billie Eilish,Folk,Greatest Songs,3.0,Fantastic melody and vocals.,2015-09-12
Uptown Funk,Michael Jackson,Disco,Golden Era,4.8,Fantastic melody and vocals.,2002-04-24
Thunder,Adele,Reggae,Essential Collection,3.4,Timeless classic!,2016-06-10
We Don't Talk Anymore,Imagine Dragons,Blues,Platinum Records,3.4,A must-listen for all music lovers!,2009-06-15
Happy,Taylor Swift,Trap,Top Chart,4.9,A must-listen for all music lovers!,2021-08-01
No Tears Left to Cry,Lil Nas X,Soul,Greatest Songs,3.5,Super catchy and emotional.,2004-10-19
Uptown Funk,Lil Nas X,Folk,Greatest Songs,3.2,This song never gets old!,2005-10-12
Waka Waka,The Weeknd,Disco,Platinum Records,4.1,A true chart-topper!,2018-07-14
7 Rings,Bruno Mars,Lo-Fi,Top Chart,3.1,A must-listen for all music lovers!,2024-01-25
Montero,The Beatles,Country,Best Hits,5.0,An absolute banger!,2009-09-24
Faded,BTS,Classical,Best Hits,4.0,A masterpiece with incredible lyrics!,2015-04-13
Shallow,Eminem,Folk,Top Chart,3.1,An absolute banger!,2017-03-13
Without Me,Justin Bieber,Folk,Platinum Records,3.2,A must-listen for all music lovers!,2019-02-04
No Tears Left to Cry,Dua Lipa,Classical,Platinum Records,3.6,A masterpiece with incredible lyrics!,2012-04-07
Waka Waka,Shawn Mendes,Classical,Golden Era,5.0,Super catchy and emotional.,2003-10-10
Stressed Out,Drake,Reggae,Greatest Songs,4.5,A masterpiece with incredible lyrics!,2005-03-25
Sorry,Queen,Punk,Essential Collection,4.9,A great beat with meaningful lyrics.,2024-12-13
Bad Habits,Post Malone,Country,Top Chart,4.0,This song never gets old!,2017-07-12
Hotline Bling,Coldplay,Electronic,Greatest Songs,3.6,A true chart-topper!,2024-04-14
Perfect,Rihanna,Metal,Greatest Songs,3.8,An absolute banger!,2019-05-11
Attention,Lil Nas X,Hip-Hop,Platinum Records,3.7,A great beat with meaningful lyrics.,2024-06-21
Uptown Funk,Taylor Swift,Grunge,Unplugged,3.3,Super catchy and emotional.,2003-11-22
Without Me,Coldplay,Folk,Greatest Songs,4.3,A true chart-topper!,2020-11-11
Stay,The Chainsmokers,Blues,Unplugged,3.7,Fantastic melody and vocals.,2016-09-18
Shake It Off,Lady Gaga,Electronic,Greatest Songs,4.8,A must-listen for all music lovers!,2012-04-28
Can't Stop the Feeling,Bruno Mars,R&B,Greatest Songs,4.0,A must-listen for all music lovers!,2012-08-25
Montero,Nirvana,Reggae,Best Hits,4.0,Fantastic melody and vocals.,2014-05-27
Faded,Lil Nas X,R&B,Unplugged,4.6,A true chart-topper!,2014-03-28
We Don't Talk Anymore,Lil Nas X,Funk,Platinum Records,3.0,A great beat with meaningful lyrics.,2005-07-10
Despacito,Shawn Mendes,Disco,Unplugged,4.6,A great beat with meaningful lyrics.,2000-09-27
Stay,Taylor Swift,Disco,Unplugged,4.0,A true chart-topper!,2010-08-21
We Don't Talk Anymore,BTS,House,Greatest Songs,4.7,Super catchy and emotional.,2005-11-04
We Don't Talk Anymore,Bruno Mars,R&B,Platinum Records,3.1,An absolute banger!,2012-10-21
Perfect,Nirvana,Electronic,Golden Era,3.3,Fantastic melody and vocals.,2013-07-14
No Tears Left to Cry,BTS,Blues,Greatest Songs,4.4,This song never gets old!,2006-11-01
Memories,Taylor Swift,Pop,Greatest Songs,3.2,This song never gets old!,2019-04-05
Happier,Taylor Swift,Pop,Platinum Records,4.3,An absolute banger!,2019-10-17
Old Town Road,John Legend,R&B,Golden Era,4.9,An absolute banger!,2002-10-19
Rolling in the Deep,Taylor Swift,Reggae,Best Hits,3.5,Super catchy and emotional.,2023-07-01
Hotel California,Sam Smith,Soul,Best Hits,3.4,A true chart-topper!,2010-10-08
Happier,Imagine Dragons,House,Best Hits,4.4,Timeless classic!,2005-10-21
Closer,Michael Jackson,Jazz,Best Hits,3.3,An absolute banger!,2015-11-03
Take Me to Church,Shawn Mendes,Country,Best Hits,4.4,An absolute banger!,2011-01-24
Senorita,BTS,Jazz,Platinum Records,5.0,Fantastic melody and vocals.,2019-11-13
Stressed Out,Lady Gaga,Country,Greatest Songs,4.0,A must-listen for all music lovers!,2017-09-28
Peaches,Coldplay,Electronic,Greatest Songs,5.0,A masterpiece with incredible lyrics!,2006-03-15
Faded,The Weeknd,Funk,Essential Collection,4.2,A true chart-topper!,2011-12-28
Bad Guy,Imagine Dragons,Electronic,Top Chart,4.0,A great beat with meaningful lyrics.,2007-03-16
Sorry,Nirvana,Jazz,Best Hits,4.5,A masterpiece with incredible lyrics!,2022-04-11
Payphone,Lil Nas X,Lo-Fi,Essential Collection,3.9,A must-listen for all music lovers!,2004-05-03
Hello,The Weeknd,Rock,Essential Collection,3.3,Timeless classic!,2000-04-19
Love Yourself,Rihanna,House,Essential Collection,3.6,Timeless classic!,2014-08-08
Shallow,BTS,Electronic,Platinum Records,4.2,This song never gets old!,2021-10-15
Uptown Funk,Shawn Mendes,Hip-Hop,Golden Era,4.9,A great beat with meaningful lyrics.,2007-03-15
Shake It Off,Queen,Funk,Greatest Songs,3.1,An absolute banger!,2016-11-04
Payphone,Queen,Funk,Greatest Songs,4.4,Super catchy and emotional.,2019-06-28
Memories,Justin Bieber,Reggae,Best Hits,4.4,Timeless classic!,2005-04-15
Counting Stars,Justin Bieber,Metal,Unplugged,3.5,An absolute banger!,2023-02-01
Blank Space,Maroon 5,Metal,Essential Collection,5.0,A true chart-topper!,2023-01-22
Perfect,Lil Nas X,Trap,Top Chart,4.2,A must-listen for all music lovers!,2021-07-28
"Thank U, Next",Drake,Hip-Hop,Platinum Records,4.9,A true chart-topper!,2016-08-28
Closer,Taylor Swift,Punk,Platinum Records,4.1,A true chart-topper!,2012-02-26
Bad Habits,Ed Sheeran,Disco,Greatest Songs,5.0,Timeless classic!,2013-05-23
Dance Monkey,Maroon 5,Rock,Greatest Songs,3.2,This song never gets old!,2017-02-23
No Tears Left to Cry,Lil Nas X,Metal,Platinum Records,3.0,A masterpiece with incredible lyrics!,2024-10-21
Old Town Road,Ed Sheeran,Blues,Golden Era,4.5,A true chart-topper!,2017-12-01
Hello,Lady Gaga,Blues,Essential Collection,3.6,An absolute banger!,2014-08-27
Counting Stars,John Legend,Jazz,Top Chart,4.7,Fantastic melody and vocals.,2023-01-10
Taki Taki,The Chainsmokers,Punk,Best Hits,4.6,Timeless classic!,2012-12-25
Hello,Nirvana,Blues,Golden Era,4.8,A masterpiece with incredible lyrics!,2001-06-13
Industry Baby,Sam Smith,Disco,Best Hits,4.0,A masterpiece with incredible lyrics!,2022-09-21
Radioactive,Camila Cabello,Trap,Greatest Songs,3.9,A great beat with meaningful lyrics.,2020-08-14
Shape of You,Ed Sheeran,House,Unplugged,3.3,This song never gets old!,2003-02-05
Chandelier,The Chainsmokers,Folk,Unplugged,3.6,Timeless classic!,2008-10-25
"Thank U, Next",Rihanna,Folk,Essential Collection,3.1,A must-listen for all music lovers!,2003-12-06
Havana,BTS,Country,Top Chart,4.2,A great beat with meaningful lyrics.,2011-07-22
Attention,Lady Gaga,R&B,Platinum Records,3.7,A masterpiece with incredible lyrics!,2010-03-08
Bohemian Rhapsody,Sam Smith,Country,Unplugged,3.1,Super catchy and emotional.,2015-04-09
Montero,Shawn Mendes,Jazz,Greatest Songs,4.4,A must-listen for all music lovers!,2003-06-21
We Don't Talk Anymore,Dua Lipa,Classical,Best Hits,3.9,A true chart-topper!,2022-02-15
7 Rings,Taylor Swift,Classical,Platinum Records,5.0,A great beat with meaningful lyrics.,2022-08-25
Stay,Maroon 5,Jazz,Essential Collection,5.0,A masterpiece with incredible lyrics!,2007-05-11
Shallow,Sam Smith,Folk,Unplugged,4.5,A must-listen for all music lovers!,2009-12-15
Bad Guy,Lady Gaga,Folk,Essential Collection,3.9,Fantastic melody and vocals.,2010-08-23
Love Yourself,Rihanna,House,Unplugged,4.8,An absolute banger!,2008-10-09
God's Plan,One Direction,Hip-Hop,Unplugged,4.9,A masterpiece with incredible lyrics!,2019-01-25
Dance Monkey,Michael Jackson,Reggae,Essential Collection,4.9,A great beat with meaningful lyrics.,2004-03-17
7 Rings,Dua Lipa,Rock,Platinum Records,4.0,An absolute banger!,2009-01-08
Perfect,Katy Perry,Trap,Best Hits,3.7,This song never gets old!,2011-10-12
Stressed Out,Katy Perry,Rock,Essential Collection,3.6,An absolute banger!,2022-05-10
Roar,Justin Bieber,Funk,Unplugged,3.8,A true chart-topper!,2022-03-19
Despacito,John Legend,Hip-Hop,Essential Collection,4.2,Fantastic melody and vocals.,2020-05-16
Radioactive,Coldplay,Punk,Essential Collection,4.4,Super catchy and emotional.,2022-08-22
Cheap Thrills,The Weeknd,Reggae,Greatest Songs,3.9,Timeless classic!,2009-03-24
"Thank U, Next",The Beatles,Country,Unplugged,4.0,A masterpiece with incredible lyrics!,2022-03-05
Love Yourself,Post Malone,Blues,Unplugged,4.2,An absolute banger!,2019-05-28
Hello,Sam Smith,Classical,Greatest Songs,3.6,A masterpiece with incredible lyrics!,2012-05-21
Havana,Shawn Mendes,Classical,Best Hits,3.2,Fantastic melody and vocals.,2007-01-28
Stay,Sia,Metal,Unplugged,3.8,A true chart-topper!,2006-10-10
Blank Space,John Legend,House,Unplugged,3.9,A must-listen for all music lovers!,2004-10-01
Uptown Funk,Nirvana,Funk,Top Chart,4.8,A great beat with meaningful lyrics.,2008-06-24
Payphone,Rihanna,Country,Greatest Songs,5.0,This song never gets old!,2016-12-28
Peaches,Maroon 5,Trap,Best Hits,3.1,Fantastic melody and vocals.,2016-07-16
Perfect,Imagine Dragons,Hip-Hop,Top Chart,5.0,Timeless classic!,2019-03-12
Levitating,The Chainsmokers,Trap,Unplugged,3.1,A must-listen for all music lovers!,2020-03-19
Take Me to Church,Adele,Soul,Essential Collection,4.6,A masterpiece with incredible lyrics!,2016-06-17
Despacito,Sam Smith,Rock,Greatest Songs,4.4,A masterpiece with incredible lyrics!,2011-07-28
Blinding Lights,One Direction,Rock,Top Chart,4.1,A masterpiece with incredible lyrics!,2015-11-06
God's Plan,Sia,Country,Best Hits,3.3,A must-listen for all music lovers!,2016-08-06
"Thank U, Next",BTS,Trap,Essential Collection,3.2,A true chart-topper!,2015-07-01
See You Again,Sia,Lo-Fi,Platinum Records,3.8,This song never gets old!,2021-02-11
No Tears Left to Cry,The Chainsmokers,Lo-Fi,Unplugged,4.1,A masterpiece with incredible lyrics!,2007-05-07
God's Plan,Imagine Dragons,Trap,Golden Era,4.7,A true chart-topper!,2007-03-09
Stressed Out,Rihanna,Metal,Best Hits,3.4,Fantastic melody and vocals.,2019-12-26
Radioactive,Coldplay,Metal,Best Hits,4.7,A masterpiece with incredible lyrics!,2003-11-07
Hotline Bling,Sam Smith,Jazz,Top Chart,4.3,This song never gets old!,2011-08-15
No Tears Left to Cry,BTS,Metal,Essential Collection,3.7,This song never gets old!,2018-11-01
Industry Baby,BTS,R&B,Top Chart,3.9,Super catchy and emotional.,2023-09-08
Rockstar,The Chainsmokers,House,Greatest Songs,4.1,This song never gets old!,2023-04-12
Perfect,Maroon 5,Metal,Top Chart,4.6,This song never gets old!,2021-01-13
Radioactive,Lil Nas X,Jazz,Best Hits,3.2,A true chart-topper!,2020-02-11
Happier,Adele,Punk,Essential Collection,3.4,Super catchy and emotional.,2016-02-09
Peaches,Sam Smith,Pop,Golden Era,3.2,An absolute banger!,2017-09-28
Bad Habits,Dua Lipa,Country,Unplugged,4.9,Fantastic melody and vocals.,2023-09-28
Billie Jean,Queen,Trap,Unplugged,3.8,An absolute banger!,2002-01-15
God's Plan,Ed Sheeran,Folk,Best Hits,3.9,A great beat with meaningful lyrics.,2018-09-08
Take Me to Church,One Direction,Funk,Best Hits,3.8,A great beat with meaningful lyrics.,2007-05-26
Cheap Thrills,Justin Bieber,R&B,Best Hits,3.1,A must-listen for all music lovers!,2023-03-23
Shake It Off,Maroon 5,Grunge,Essential Collection,3.7,A great beat with meaningful lyrics.,2020-04-08
Bad Habits,Katy Perry,Pop,Golden Era,4.2,This song never gets old!,2022-12-15
Stay,Katy Perry,House,Golden Era,3.4,A masterpiece with incredible lyrics!,2005-01-20
Without Me,Katy Perry,Grunge,Essential Collection,4.5,A must-listen for all music lovers!,2008-09-09
Chandelier,Sam Smith,Soul,Top Chart,3.2,A must-listen for all music lovers!,2002-12-07
Senorita,Nirvana,Lo-Fi,Platinum Records,3.9,An absolute banger!,2023-02-05
Dance Monkey,Shawn Mendes,Punk,Greatest Songs,4.1,A masterpiece with incredible lyrics!,2016-05-02
Bohemian Rhapsody,One Direction,Hip-Hop,Best Hits,4.9,A must-listen for all music lovers!,2006-04-08
Closer,Dua Lipa,Grunge,Top Chart,3.3,This song never gets old!,2018-10-16
Peaches,Adele,Jazz,Golden Era,3.4,A true chart-topper!,2014-02-18
Hotline Bling,Queen,R&B,Best Hits,4.1,A masterpiece with incredible lyrics!,2001-06-26
Industry Baby,Shawn Mendes,Metal,Essential Collection,5.0,A masterpiece with incredible lyrics!,2020-02-07
Without Me,One Direction,Funk,Unplugged,4.5,A must-listen for all music lovers!,2015-02-15
Shallow,Dua Lipa,Jazz,Golden Era,3.1,A masterpiece with incredible lyrics!,2002-08-07
Sorry,Shawn Mendes,Blues,Greatest Songs,4.6,An absolute banger!,2003-09-19
Counting Stars,Justin Bieber,Funk,Essential Collection,4.6,A masterpiece with incredible lyrics!,2006-10-16
We Don't Talk Anymore,Lil Nas X,Disco,Platinum Records,5.0,Super catchy and emotional.,2009-10-01
Senorita,The Chainsmokers,R&B,Top Chart,3.4,Fantastic melody and vocals.,2018-07-28
No Tears Left to Cry,Drake,Folk,Essential Collection,3.4,Super catchy and emotional.,2003-12-15
Montero,The Weeknd,Soul,Platinum Records,3.0,Timeless classic!,2024-11-07
Can't Stop the Feeling,The Weeknd,Reggae,Greatest Songs,4.5,A masterpiece with incredible lyrics!,2018-11-20
Taki Taki,Sam Smith,Disco,Golden Era,3.8,A great beat with meaningful lyrics.,2024-08-01
Memories,BTS,Hip-Hop,Essential Collection,3.5,A great beat with meaningful lyrics.,2008-07-20
Bad Habits,One Direction,Grunge,Golden Era,3.4,A must-listen for all music lovers!,2008-08-21
God's Plan,Camila Cabello,Country,Essential Collection,3.3,Timeless classic!,2005-06-17
Industry Baby,Post Malone,Classical,Essential Collection,3.5,Super catchy and emotional.,2015-09-10
Rolling in the Deep,Bruno Mars,Metal,Essential Collection,3.2,This song never gets old!,2020-05-09
Industry Baby,The Beatles,Grunge,Top Chart,4.7,Fantastic melody and vocals.,2017-04-11
Billie Jean,Lil Nas X,Pop,Greatest Songs,3.9,An absolute banger!,2008-11-18
Love Yourself,Dua Lipa,Rock,Best Hits,3.8,An absolute banger!,2016-05-21
Stressed Out,Katy Perry,House,Greatest Songs,3.4,An absolute banger!,2014-02-25
Happy,Taylor Swift,Classical,Unplugged,4.8,Timeless classic!,2005-08-01
Smells Like Teen Spirit,Shawn Mendes,Punk,Best Hits,3.4,A true chart-topper!,2010-09-16
Sugar,Billie Eilish,R&B,Top Chart,3.1,A must-listen for all music lovers!,2015-03-06
Senorita,Katy Perry,Metal,Best Hits,4.8,Fantastic melody and vocals.,2002-07-22
Attention,Ed Sheeran,Jazz,Top Chart,3.9,A great beat with meaningful lyrics.,2009-02-28
Savage Love,The Beatles,Rock,Top Chart,4.9,A must-listen for all music lovers!,2014-06-21
Industry Baby,Coldplay,Jazz,Golden Era,3.6,Fantastic melody and vocals.,2021-09-27
Roar,Post Malone,Funk,Unplugged,3.4,Timeless classic!,2005-04-25
We Don't Talk Anymore,The Chainsmokers,Classical,Unplugged,4.9,A great beat with meaningful lyrics.,2003-04-07
Shake It Off,Shawn Mendes,Punk,Top Chart,4.0,A true chart-topper!,2009-09-10
Let Her Go,Coldplay,Grunge,Top Chart,4.1,Timeless classic!,2010-09-16
Love Yourself,Billie Eilish,Lo-Fi,Essential Collection,4.6,A must-listen for all music lovers!,2003-11-10
Shape of You,Ed Sheeran,Trap,Essential Collection,4.9,A true chart-topper!,2019-04-19
Rockstar,Lil Nas X,Funk,Top Chart,3.9,Timeless classic!,2021-03-11
Bad Guy,The Chainsmokers,Trap,Essential Collection,4.8,A great beat with meaningful lyrics.,2005-04-25
Chandelier,Billie Eilish,Jazz,Golden Era,4.1,A true chart-topper!,2012-03-28
Chandelier,Imagine Dragons,Disco,Golden Era,4.6,A true chart-topper!,2005-10-22
Hotel California,Dua Lipa,Folk,Top Chart,4.1,An absolute banger!,2005-06-17
Cheap Thrills,Camila Cabello,Electronic,Greatest Songs,4.8,A masterpiece with incredible lyrics!,2015-11-20
Take Me to Church,Katy Perry,Jazz,Essential Collection,3.4,A great beat with meaningful lyrics.,2013-12-09
Dance Monkey,The Weeknd,Hip-Hop,Platinum Records,4.4,This song never gets old!,2007-05-16
Chandelier,Imagine Dragons,Rock,Best Hits,4.2,Fantastic melody and vocals.,2009-06-05
Someone Like You,Justin Bieber,Folk,Essential Collection,3.3,Timeless classic!,2009-06-24
Blinding Lights,Bruno Mars,R&B,Golden Era,4.3,An absolute banger!,2011-12-11
See You Again,BTS,Metal,Golden Era,4.6,A must-listen for all music lovers!,2014-05-14
Thinking Out Loud,Katy Perry,Lo-Fi,Platinum Records,4.5,Super catchy and emotional.,2018-07-25
Cheap Thrills,Camila Cabello,Blues,Greatest Songs,4.7,A true chart-topper!,2013-01-25
Radioactive,Camila Cabello,Disco,Top Chart,4.5,A must-listen for all music lovers!,2012-01-14
Shake It Off,Rihanna,Country,Platinum Records,3.0,Timeless classic!,2011-11-26
Thunder,Sam Smith,Trap,Platinum Records,4.8,A true chart-topper!,2004-08-25
Hotline Bling,The Chainsmokers,Punk,Best Hits,4.9,A must-listen for all music lovers!,2008-01-27
Uptown Funk,Lady Gaga,Folk,Golden Era,4.0,An absolute banger!,2022-04-07
Billie Jean,One Direction,Folk,Greatest Songs,3.6,A great beat with meaningful lyrics.,2021-12-09
Perfect,Michael Jackson,Trap,Platinum Records,4.6,Super catchy and emotional.,2009-06-01
Waka Waka,Sia,Soul,Greatest Songs,4.3,A masterpiece with incredible lyrics!,2010-07-26
Taki Taki,Bruno Mars,R&B,Top Chart,3.5,A must-listen for all music lovers!,2012-06-18
Without Me,Coldplay,Funk,Essential Collection,4.4,Fantastic melody and vocals.,2017-12-07
Montero,Dua Lipa,Folk,Top Chart,5.0,Fantastic melody and vocals.,2006-10-17
Chandelier,Dua Lipa,Reggae,Best Hits,4.9,An absolute banger!,2014-05-04
Rockstar,Lady Gaga,Funk,Greatest Songs,4.7,A masterpiece with incredible lyrics!,2002-04-06
Someone Like You,BTS,Metal,Greatest Songs,4.3,Fantastic melody and vocals.,2010-12-16
Levitating,The Beatles,Lo-Fi,Golden Era,4.3,A masterpiece with incredible lyrics!,2023-10-16
Attention,Rihanna,Grunge,Greatest Songs,4.2,Timeless classic!,2001-11-13
Blank Space,Camila Cabello,Classical,Greatest Songs,3.1,Timeless classic!,2022-12-16
Senorita,Lady Gaga,Blues,Greatest Songs,4.5,This song never gets old!,2007-05-20
Dance Monkey,Nirvana,Grunge,Top Chart,3.4,Timeless classic!,2018-07-02
Shallow,Rihanna,Lo-Fi,Greatest Songs,4.4,An absolute banger!,2003-01-21
Shake It Off,Maroon 5,Classical,Golden Era,4.5,A masterpiece with incredible lyrics!,2010-05-18
Take Me to Church,Shawn Mendes,Folk,Essential Collection,4.2,Timeless classic!,2011-08-10
Counting Stars,Katy Perry,Metal,Greatest Songs,3.4,This song never gets old!,2003-08-05
Peaches,Bruno Mars,Grunge,Greatest Songs,3.4,Fantastic melody and vocals.,2023-02-11
We Don't Talk Anymore,Billie Eilish,Trap,Unplugged,3.4,A masterpiece with incredible lyrics!,2024-12-14
Someone Like You,Justin Bieber,Pop,Essential Collection,4.4,This song never gets old!,2004-03-19
Stressed Out,Shawn Mendes,Metal,Essential Collection,4.9,This song never gets old!,2009-10-07
Hotel California,Camila Cabello,Soul,Top Chart,3.7,Fantastic melody and vocals.,2017-02-15
Blank Space,Adele,Blues,Platinum Records,3.7,A masterpiece with incredible lyrics!,2007-06-19
Faded,The Beatles,Grunge,Unplugged,3.6,A must-listen for all music lovers!,2017-11-09
Industry Baby,Lil Nas X,Electronic,Top Chart,3.6,A must-listen for all music lovers!,2017-09-27
Shake It Off,Coldplay,House,Golden Era,4.6,This song never gets old!,2009-12-01
Stay,Imagine Dragons,Funk,Unplugged,3.2,Super catchy and emotional.,2004-02-28
Believer,Billie Eilish,R&B,Platinum Records,4.0,This song never gets old!,2022-12-24
Thinking Out Loud,Nirvana,Jazz,Platinum Records,5.0,A true chart-topper!,2010-06-25
Hotline Bling,Rihanna,Punk,Best Hits,3.8,A masterpiece with incredible lyrics!,2014-12-07
Senorita,Taylor Swift,Classical,Essential Collection,3.7,Timeless classic!,2005-06-15
Hello,The Beatles,House,Top Chart,4.7,A masterpiece with incredible lyrics!,2007-08-12
Hotel California,Taylor Swift,Pop,Best Hits,3.9,A true chart-topper!,2010-04-22
See You Again,Queen,Reggae,Golden Era,4.9,A great beat with meaningful lyrics.,2022-05-09
Bad Habits,Queen,R&B,Best Hits,3.7,A masterpiece with incredible lyrics!,2019-12-01
Despacito,Ed Sheeran,Pop,Essential Collection,4.9,A great beat with meaningful lyrics.,2004-02-21
Shallow,Taylor Swift,Disco,Best Hits,3.9,Timeless classic!,2013-07-13
Montero,Sam Smith,Country,Greatest Songs,3.7,A must-listen for all music lovers!,2015-01-27
Bad Habits,Nirvana,Classical,Essential Collection,4.1,A masterpiece with incredible lyrics!,2016-01-17
Thunder,Eminem,Folk,Platinum Records,3.3,A great beat with meaningful lyrics.,2011-01-19
Sunflower,Adele,Grunge,Best Hits,3.9,This song never gets old!,2013-01-17
Shape of You,Imagine Dragons,Electronic,Golden Era,3.6,This song never gets old!,2010-09-16
Shallow,Queen,Jazz,Greatest Songs,4.3,A masterpiece with incredible lyrics!,2009-10-11
Shape of You,Coldplay,Disco,Best Hits,4.4,An absolute banger!,2020-02-24
No Tears Left to Cry,Lady Gaga,Soul,Golden Era,4.3,A true chart-topper!,2002-10-03
Roar,Shawn Mendes,Folk,Golden Era,4.4,This song never gets old!,2017-02-18
Chandelier,Maroon 5,Hip-Hop,Unplugged,4.9,Timeless classic!,2005-09-28
What Makes You Beautiful,Camila Cabello,R&B,Golden Era,4.8,A true chart-topper!,2002-10-15
Cheap Thrills,One Direction,Folk,Top Chart,3.2,Fantastic melody and vocals.,2019-11-07
Sunflower,Shawn Mendes,Metal,Unplugged,3.2,This song never gets old!,2024-02-25
God's Plan,Lil Nas X,Country,Unplugged,4.7,A true chart-topper!,2021-07-27
Hotline Bling,Maroon 5,Metal,Top Chart,3.2,Timeless classic!,2008-08-15
Let Her Go,Michael Jackson,Jazz,Golden Era,3.0,Super catchy and emotional.,2023-03-21
Thinking Out Loud,Post Malone,Metal,Best Hits,4.9,This song never gets old!,2010-02-06
Stressed Out,Camila Cabello,Soul,Best Hits,3.2,Fantastic melody and vocals.,2020-10-11
Love Yourself,Eminem,Hip-Hop,Platinum Records,4.5,A must-listen for all music lovers!,2014-09-25
Levitating,The Chainsmokers,Electronic,Top Chart,4.2,Super catchy and emotional.,2022-12-27
Billie Jean,Taylor Swift,Pop,Platinum Records,4.1,A masterpiece with incredible lyrics!,2013-01-13
Bad Guy,Imagine Dragons,Rock,Best Hits,4.3,Timeless classic!,2018-05-01
See You Again,Rihanna,Country,Unplugged,4.0,Timeless classic!,2019-07-01
What Makes You Beautiful,John Legend,Folk,Best Hits,4.6,An absolute banger!,2000-04-11
Memories,Eminem,Punk,Top Chart,4.3,A must-listen for all music lovers!,2013-03-09
Attention,Katy Perry,Folk,Essential Collection,4.7,A true chart-topper!,2007-10-22
Stressed Out,Taylor Swift,R&B,Greatest Songs,3.4,Timeless classic!,2024-06-18
Old Town Road,The Beatles,R&B,Golden Era,4.6,A great beat with meaningful lyrics.,2014-11-22
Hotline Bling,Drake,House,Essential Collection,4.1,This song never gets old!,2006-10-12
"Thank U, Next",Nirvana,Blues,Unplugged,3.2,A masterpiece with incredible lyrics!,2022-10-05
Hello,Shawn Mendes,Folk,Unplugged,4.7,Timeless classic!,2006-03-07
Billie Jean,Nirvana,Rock,Platinum Records,4.9,A great beat with meaningful lyrics.,2009-03-04
Shallow,Eminem,Punk,Best Hits,3.7,Timeless classic!,2000-09-20
Thunder,Rihanna,Electronic,Essential Collection,4.6,Timeless classic!,2001-03-18
Uptown Funk,Imagine Dragons,Grunge,Golden Era,3.9,A masterpiece with incredible lyrics!,2011-02-11
Blinding Lights,Nirvana,Grunge,Greatest Songs,4.8,An absolute banger!,2010-04-22
Taki Taki,Rihanna,Hip-Hop,Essential Collection,4.3,Timeless classic!,2006-04-10
Waka Waka,Shawn Mendes,Lo-Fi,Unplugged,4.6,A great beat with meaningful lyrics.,2005-07-09
Memories,Michael Jackson,Pop,Golden Era,3.8,Timeless classic!,2007-04-25
Without Me,Shawn Mendes,Grunge,Essential Collection,4.9,Super catchy and emotional.,2011-01-05
God's Plan,Billie Eilish,Funk,Golden Era,4.6,Fantastic melody and vocals.,2014-02-27
No Tears Left to Cry,Rihanna,Pop,Essential Collection,4.0,Fantastic melody and vocals.,2012-01-15
Let Her Go,Adele,House,Best Hits,3.5,A masterpiece with incredible lyrics!,2023-12-07
Industry Baby,Imagine Dragons,Metal,Best Hits,4.3,Fantastic melody and vocals.,2012-01-15
Blank Space,Eminem,Grunge,Top Chart,3.6,A masterpiece with incredible lyrics!,2014-07-07
Sorry,Ed Sheeran,R&B,Golden Era,4.8,Fantastic melody and vocals.,2006-07-19
Uptown Funk,Katy Perry,Hip-Hop,Unplugged,4.8,A masterpiece with incredible lyrics!,2003-02-06
Sunflower,Drake,Electronic,Platinum Records,4.3,A great beat with meaningful lyrics.,2016-10-24
Taki Taki,One Direction,Rock,Top Chart,3.0,Fantastic melody and vocals.,2016-02-06
Happier,Coldplay,Folk,Golden Era,4.8,A true chart-topper!,2024-04-04
Thinking Out Loud,John Legend,Reggae,Unplugged,3.1,A must-listen for all music lovers!,2015-12-20
Shallow,Billie Eilish,Grunge,Greatest Songs,3.1,This song never gets old!,2011-12-11
Peaches,Sia,Jazz,Greatest Songs,4.6,A masterpiece with incredible lyrics!,2013-04-07
Industry Baby,Michael Jackson,Soul,Unplugged,4.7,An absolute banger!,2002-09-12
Dance Monkey,Taylor Swift,House,Essential Collection,4.0,Timeless classic!,2015-05-17
Closer,Billie Eilish,Jazz,Essential Collection,4.5,A true chart-topper!,2003-08-01
Believer,Billie Eilish,Folk,Essential Collection,3.6,A great beat with meaningful lyrics.,2000-07-26
We Don't Talk Anymore,Coldplay,Soul,Unplugged,3.3,An absolute banger!,2013-07-28
Sorry,Camila Cabello,Disco,Platinum Records,4.1,Fantastic melody and vocals.,2003-06-12
Despacito,Dua Lipa,Pop,Platinum Records,3.9,Super catchy and emotional.,2009-02-14
Someone Like You,Ed Sheeran,Metal,Essential Collection,4.1,Timeless classic!,2020-05-08
Memories,Shawn Mendes,Funk,Top Chart,3.8,Timeless classic!,2022-02-21
Levitating,Nirvana,Folk,Golden Era,4.2,Timeless classic!,2020-07-16
Happier,Billie Eilish,Soul,Best Hits,3.8,Fantastic melody and vocals.,2000-05-24
Attention,Coldplay,Lo-Fi,Greatest Songs,3.1,Super catchy and emotional.,2020-06-02
Happier,Dua Lipa,Hip-Hop,Essential Collection,4.9,A must-listen for all music lovers!,2004-04-06
Industry Baby,Coldplay,Soul,Greatest Songs,3.9,Super catchy and emotional.,2018-01-05
Believer,Dua Lipa,Metal,Top Chart,4.9,Super catchy and emotional.,2016-03-05
Savage Love,Dua Lipa,Jazz,Greatest Songs,3.8,A masterpiece with incredible lyrics!,2022-08-25
Blank Space,Eminem,Blues,Top Chart,4.5,A must-listen for all music lovers!,2001-01-20
Thinking Out Loud,The Weeknd,Reggae,Top Chart,3.8,An absolute banger!,2006-12-22
Senorita,BTS,Blues,Platinum Records,3.6,A masterpiece with incredible lyrics!,2009-06-20
Hotel California,Nirvana,Jazz,Essential Collection,3.3,Super catchy and emotional.,2013-03-14
Senorita,Nirvana,R&B,Greatest Songs,3.5,A true chart-topper!,2005-03-17
Dance Monkey,BTS,Hip-Hop,Golden Era,4.4,Fantastic melody and vocals.,2004-12-26
Old Town Road,Camila Cabello,Classical,Best Hits,3.3,A great beat with meaningful lyrics.,2021-03-12
Shape of You,Taylor Swift,Hip-Hop,Greatest Songs,3.2,A masterpiece with incredible lyrics!,2003-03-01
Believer,Ed Sheeran,Hip-Hop,Greatest Songs,4.2,A true chart-topper!,2015-04-10
Stressed Out,John Legend,Country,Golden Era,3.8,A must-listen for all music lovers!,2012-11-12
Perfect,Sam Smith,Jazz,Greatest Songs,4.5,A masterpiece with incredible lyrics!,2008-10-11
What Makes You Beautiful,Dua Lipa,R&B,Unplugged,4.8,Timeless classic!,2000-01-11
Take Me to Church,Sam Smith,Blues,Top Chart,4.7,Timeless classic!,2000-08-02
God's Plan,Dua Lipa,Pop,Greatest Songs,3.3,A masterpiece with incredible lyrics!,2023-03-14
Perfect,Adele,Grunge,Essential Collection,3.6,A great beat with meaningful lyrics.,2001-09-13
Hello,Drake,Grunge,Platinum Records,3.2,A true chart-topper!,2024-10-24
Faded,The Beatles,Soul,Greatest Songs,3.1,A masterpiece with incredible lyrics!,2016-03-06
Blank Space,Katy Perry,Classical,Platinum Records,3.0,A must-listen for all music lovers!,2003-01-12
Chandelier,Eminem,Disco,Top Chart,4.5,A great beat with meaningful lyrics.,2007-02-14
Let Her Go,The Weeknd,Pop,Platinum Records,3.3,An absolute banger!,2002-02-16
Hotline Bling,Billie Eilish,Country,Golden Era,4.2,An absolute banger!,2014-07-28
Blinding Lights,One Direction,Country,Unplugged,4.1,A true chart-topper!,2017-08-05
Counting Stars,Coldplay,House,Platinum Records,4.9,Fantastic melody and vocals.,2019-11-01
Someone Like You,Queen,Jazz,Essential Collection,4.1,An absolute banger!,2009-08-16
Peaches,Michael Jackson,Lo-Fi,Golden Era,3.1,A true chart-topper!,2008-03-11
Shake It Off,Ed Sheeran,Jazz,Golden Era,4.5,An absolute banger!,2021-09-12
Love Yourself,Taylor Swift,House,Platinum Records,5.0,A must-listen for all music lovers!,2019-11-23
See You Again,Eminem,Metal,Essential Collection,4.3,A must-listen for all music lovers!,2003-08-16
Blank Space,Camila Cabello,Classical,Greatest Songs,4.6,A great beat with meaningful lyrics.,2023-10-07
Happier,Dua Lipa,Pop,Unplugged,3.4,A great beat with meaningful lyrics.,2004-04-17
Taki Taki,Camila Cabello,Blues,Top Chart,4.3,This song never gets old!,2004-03-08
Despacito,Imagine Dragons,Jazz,Golden Era,3.4,An absolute banger!,2021-02-24
Taki Taki,Sam Smith,Pop,Greatest Songs,3.4,This song never gets old!,2003-12-13
Memories,Justin Bieber,Reggae,Unplugged,4.7,Timeless classic!,2009-10-04
We Don't Talk Anymore,BTS,Country,Best Hits,4.5,Super catchy and emotional.,2007-04-09
Attention,Maroon 5,Grunge,Golden Era,4.6,A masterpiece with incredible lyrics!,2005-12-22
Stressed Out,Eminem,Hip-Hop,Platinum Records,3.8,A great beat with meaningful lyrics.,2009-06-23
Smells Like Teen Spirit,The Beatles,Metal,Unplugged,3.5,A great beat with meaningful lyrics.,2014-11-19
Rolling in the Deep,Katy Perry,Country,Golden Era,3.1,A great beat with meaningful lyrics.,2016-09-19
Roar,The Beatles,Hip-Hop,Unplugged,3.2,This song never gets old!,2008-03-11
Bad Guy,Sia,Metal,Best Hits,3.3,A great beat with meaningful lyrics.,2013-06-22
Bad Guy,Nirvana,Jazz,Greatest Songs,3.0,Fantastic melody and vocals.,2004-10-24
Can't Stop the Feeling,Lil Nas X,Folk,Best Hits,5.0,Timeless classic!,2001-12-26
No Tears Left to Cry,Nirvana,Blues,Best Hits,4.7,A masterpiece with incredible lyrics!,2012-11-02
Perfect,Shawn Mendes,R&B,Greatest Songs,3.2,Super catchy and emotional.,2006-03-01
Counting Stars,The Chainsmokers,Electronic,Top Chart,4.9,A great beat with meaningful lyrics.,2004-11-02
God's Plan,Imagine Dragons,Lo-Fi,Best Hits,3.2,A masterpiece with incredible lyrics!,2007-03-13
Sugar,Lil Nas X,Reggae,Top Chart,3.3,Timeless classic!,2010-01-19
Attention,Imagine Dragons,Soul,Essential Collection,3.5,Super catchy and emotional.,2015-08-28
Shallow,Lady Gaga,R&B,Best Hits,3.4,A masterpiece with incredible lyrics!,2011-04-21
7 Rings,Imagine Dragons,Jazz,Best Hits,3.2,An absolute banger!,2018-07-15
"Thank U, Next",Nirvana,Classical,Greatest Songs,4.7,A must-listen for all music lovers!,2006-08-20
Stay,Michael Jackson,Funk,Golden Era,4.8,A great beat with meaningful lyrics.,2008-09-15
Attention,Katy Perry,Lo-Fi,Essential Collection,3.4,A true chart-topper!,2003-12-09
Taki Taki,Justin Bieber,Punk,Platinum Records,3.2,A true chart-topper!,2020-09-11
We Don't Talk Anymore,Queen,Pop,Unplugged,4.6,A great beat with meaningful lyrics.,2010-03-09
Stay,BTS,House,Unplugged,3.8,A must-listen for all music lovers!,2010-08-25
Bohemian Rhapsody,Sia,Trap,Best Hits,4.0,This song never gets old!,2017-08-22
Blinding Lights,Lady Gaga,Grunge,Platinum Records,4.3,A masterpiece with incredible lyrics!,2003-11-28
Stressed Out,Sia,Electronic,Greatest Songs,3.4,Super catchy and emotional.,2010-09-09
Happy,Taylor Swift,Pop,Essential Collection,3.8,This song never gets old!,2002-06-14
What Makes You Beautiful,Maroon 5,Lo-Fi,Greatest Songs,4.8,An absolute banger!,2020-01-18
Despacito,Bruno Mars,Country,Top Chart,4.3,An absolute banger!,2004-02-08
Radioactive,Sam Smith,Metal,Platinum Records,3.9,A must-listen for all music lovers!,2014-02-04
See You Again,Maroon 5,Rock,Platinum Records,3.3,A true chart-topper!,2017-12-10
7 Rings,Justin Bieber,Country,Essential Collection,3.6,A true chart-topper!,2004-06-10
Hello,One Direction,Grunge,Greatest Songs,4.8,This song never gets old!,2014-07-18
Someone Like You,Ed Sheeran,Country,Greatest Songs,4.3,A true chart-topper!,2002-09-06
"Thank U, Next",Lady Gaga,Punk,Essential Collection,4.3,An absolute banger!,2012-09-07
Havana,Sam Smith,R&B,Greatest Songs,4.7,A true chart-topper!,2004-11-08
Roar,Imagine Dragons,Country,Best Hits,3.2,A masterpiece with incredible lyrics!,2024-01-07
Bohemian Rhapsody,Katy Perry,Hip-Hop,Platinum Records,3.7,Fantastic melody and vocals.,2023-12-12
Faded,Post Malone,Lo-Fi,Best Hits,3.7,A true chart-topper!,2016-10-25
Hotel California,The Chainsmokers,Trap,Essential Collection,5.0,A true chart-topper!,2004-10-28
Stressed Out,Queen,Folk,Top Chart,4.2,Fantastic melody and vocals.,2016-09-02
Billie Jean,Michael Jackson,Metal,Unplugged,3.0,A great beat with meaningful lyrics.,2017-06-18
Happy,Drake,Disco,Greatest Songs,4.0,Timeless classic!,2007-12-17
Sorry,Rihanna,Blues,Best Hits,3.5,A must-listen for all music lovers!,2005-06-06
No Tears Left to Cry,The Weeknd,Disco,Greatest Songs,3.2,Timeless classic!,2003-11-06
Can't Stop the Feeling,Camila Cabello,Trap,Platinum Records,4.2,A must-listen for all music lovers!,2020-11-28
Bad Habits,The Chainsmokers,Hip-Hop,Greatest Songs,4.1,A great beat with meaningful lyrics.,2019-04-27
Let Her Go,BTS,Blues,Essential Collection,4.0,A must-listen for all music lovers!,2024-12-05
Someone Like You,Lil Nas X,Hip-Hop,Greatest Songs,4.5,A great beat with meaningful lyrics.,2017-10-14
Hotline Bling,Rihanna,Lo-Fi,Golden Era,3.4,A must-listen for all music lovers!,2006-05-02
Shake It Off,Dua Lipa,Pop,Top Chart,3.7,Fantastic melody and vocals.,2012-05-13
Taki Taki,One Direction,Funk,Greatest Songs,4.8,A great beat with meaningful lyrics.,2016-07-16
Waka Waka,The Chainsmokers,Blues,Greatest Songs,3.1,An absolute banger!,2014-06-05
Memories,Billie Eilish,Classical,Unplugged,3.3,A must-listen for all music lovers!,2023-05-01
Old Town Road,The Chainsmokers,Blues,Essential Collection,3.2,Fantastic melody and vocals.,2002-05-23
Stressed Out,One Direction,Lo-Fi,Greatest Songs,4.4,This song never gets old!,2017-11-10
Uptown Funk,Queen,R&B,Essential Collection,3.3,A great beat with meaningful lyrics.,2006-12-20
Shake It Off,Adele,Soul,Best Hits,3.5,An absolute banger!,2019-02-02
Bohemian Rhapsody,Sia,Rock,Essential Collection,3.4,A great beat with meaningful lyrics.,2024-07-05
Someone Like You,One Direction,Reggae,Platinum Records,3.2,A true chart-topper!,2004-08-27
Sorry,Camila Cabello,Punk,Top Chart,4.4,A true chart-topper!,2005-04-13
Peaches,Lil Nas X,Funk,Greatest Songs,4.3,An absolute banger!,2005-11-14
Montero,Ed Sheeran,Jazz,Unplugged,3.9,A great beat with meaningful lyrics.,2012-10-07
Closer,Camila Cabello,Rock,Essential Collection,4.6,Fantastic melody and vocals.,2007-06-03
We Don't Talk Anymore,Shawn Mendes,Metal,Top Chart,3.9,A must-listen for all music lovers!,2007-05-05
Hello,Adele,Jazz,Top Chart,4.9,Fantastic melody and vocals.,2012-02-24
No Tears Left to Cry,Lil Nas X,Soul,Best Hits,4.8,This song never gets old!,2023-10-22
Memories,Eminem,Blues,Golden Era,3.5,A must-listen for all music lovers!,2004-04-15
Believer,Shawn Mendes,Lo-Fi,Unplugged,3.4,Super catchy and emotional.,2004-11-09
Havana,Sam Smith,Folk,Top Chart,4.7,A true chart-topper!,2024-06-01
Bad Habits,The Weeknd,Country,Essential Collection,4.4,A must-listen for all music lovers!,2020-02-17
Stressed Out,Billie Eilish,Rock,Golden Era,4.9,This song never gets old!,2009-09-04
What Makes You Beautiful,Lady Gaga,Electronic,Best Hits,3.2,Super catchy and emotional.,2024-11-20
Montero,John Legend,Country,Platinum Records,4.6,Timeless classic!,2015-04-22
Rockstar,One Direction,Soul,Platinum Records,4.2,Timeless classic!,2014-05-27
No Tears Left to Cry,Drake,Disco,Platinum Records,3.3,A great beat with meaningful lyrics.,2003-09-24
Stressed Out,The Weeknd,Classical,Top Chart,3.4,A great beat with meaningful lyrics.,2019-08-05
Waka Waka,Post Malone,Funk,Golden Era,4.4,An absolute banger!,2002-12-11
Shake It Off,BTS,Hip-Hop,Best Hits,3.9,An absolute banger!,2008-01-13
Memories,Adele,Blues,Golden Era,3.9,This song never gets old!,2008-02-21
Havana,Bruno Mars,Country,Greatest Songs,4.2,This song never gets old!,2014-07-19
Billie Jean,The Beatles,Country,Top Chart,3.5,A true chart-topper!,2005-12-23
Shake It Off,Rihanna,Blues,Unplugged,3.6,Super catchy and emotional.,2015-05-08
We Don't Talk Anymore,The Beatles,Jazz,Essential Collection,3.2,Fantastic melody and vocals.,2016-02-03
Sorry,Sam Smith,House,Unplugged,3.8,A must-listen for all music lovers!,2023-10-20
Rockstar,Camila Cabello,Soul,Unplugged,3.4,Super catchy and emotional.,2011-04-28
Shallow,Imagine Dragons,Blues,Unplugged,3.7,Fantastic melody and vocals.,2021-08-27
Old Town Road,Queen,Blues,Best Hits,4.8,A masterpiece with incredible lyrics!,2022-07-14
Roar,BTS,Lo-Fi,Golden Era,4.6,Super catchy and emotional.,2001-11-04
Levitating,One Direction,Metal,Golden Era,3.9,An absolute banger!,2024-05-27
No Tears Left to Cry,Sia,Disco,Platinum Records,4.8,This song never gets old!,2023-12-09
7 Rings,Justin Bieber,Country,Golden Era,4.9,Timeless classic!,2008-11-17
Cheap Thrills,Maroon 5,Grunge,Golden Era,3.5,A true chart-topper!,2010-07-22
Stay,Camila Cabello,Folk,Top Chart,3.8,Fantastic melody and vocals.,2008-06-03
Take Me to Church,Ed Sheeran,Hip-Hop,Best Hits,4.2,An absolute banger!,2000-02-23
Bad Guy,Eminem,R&B,Greatest Songs,4.8,Super catchy and emotional.,2015-04-19
Thinking Out Loud,Michael Jackson,Punk,Greatest Songs,4.9,A masterpiece with incredible lyrics!,2015-04-19
Old Town Road,John Legend,R&B,Essential Collection,4.1,This song never gets old!,2013-11-09
Bad Guy,The Weeknd,Jazz,Platinum Records,3.8,A masterpiece with incredible lyrics!,2003-12-16
Sunflower,Justin Bieber,Soul,Top Chart,3.2,Super catchy and emotional.,2017-10-27
Hotel California,Taylor Swift,Rock,Golden Era,4.6,An absolute banger!,2018-07-20
Bohemian Rhapsody,Drake,Jazz,Greatest Songs,3.9,Super catchy and emotional.,2016-11-13
Counting Stars,Taylor Swift,Rock,Essential Collection,3.4,A true chart-topper!,2001-10-04
Stressed Out,The Weeknd,R&B,Unplugged,3.5,A true chart-topper!,2018-11-04
Billie Jean,Michael Jackson,Grunge,Best Hits,3.4,This song never gets old!,2018-02-04
Taki Taki,Shawn Mendes,Trap,Platinum Records,3.7,This song never gets old!,2024-04-12
Let Her Go,Justin Bieber,House,Essential Collection,3.3,A great beat with meaningful lyrics.,2018-11-23
Memories,Maroon 5,Jazz,Unplugged,3.6,Super catchy and emotional.,2019-07-27
Uptown Funk,Post Malone,Blues,Platinum Records,3.0,This song never gets old!,2012-12-24
Havana,Queen,Disco,Best Hits,4.4,A true chart-topper!,2001-06-21
No Tears Left to Cry,Billie Eilish,R&B,Golden Era,4.4,A must-listen for all music lovers!,2014-08-19
Sorry,Billie Eilish,Classical,Best Hits,3.4,Timeless classic!,2016-01-13
Bohemian Rhapsody,One Direction,Folk,Essential Collection,4.1,An absolute banger!,2020-12-25
Take Me to Church,Drake,Funk,Platinum Records,3.6,A great beat with meaningful lyrics.,2013-11-01
Sugar,Dua Lipa,Grunge,Golden Era,3.5,A great beat with meaningful lyrics.,2006-10-06
Taki Taki,Nirvana,Jazz,Golden Era,3.1,An absolute banger!,2000-11-11
Roar,Drake,Blues,Golden Era,3.6,A masterpiece with incredible lyrics!,2003-05-14
Sorry,Post Malone,Classical,Best Hits,3.4,An absolute banger!,2000-12-15
Let Her Go,Lil Nas X,Grunge,Best Hits,3.4,A great beat with meaningful lyrics.,2008-06-27
Sorry,Queen,Lo-Fi,Golden Era,4.1,Fantastic melody and vocals.,2021-06-12
Uptown Funk,Nirvana,Blues,Greatest Songs,4.4,This song never gets old!,2007-05-15
Levitating,Dua Lipa,Funk,Top Chart,4.9,Fantastic melody and vocals.,2001-06-15
Savage Love,Taylor Swift,Funk,Platinum Records,4.6,This song never gets old!,2022-11-09
Peaches,Lady Gaga,Trap,Golden Era,4.3,Timeless classic!,2024-03-07
Old Town Road,Drake,Folk,Best Hits,4.1,Fantastic melody and vocals.,2017-09-21
Uptown Funk,Ed Sheeran,Jazz,Best Hits,4.3,Super catchy and emotional.,2010-12-13
Sugar,Sia,Electronic,Platinum Records,4.4,Super catchy and emotional.,2024-06-25
Hotline Bling,Justin Bieber,Punk,Platinum Records,3.9,A true chart-topper!,2005-08-28
Happier,Drake,R&B,Top Chart,4.6,An absolute banger!,2002-06-12
Peaches,The Weeknd,Reggae,Best Hits,3.4,Super catchy and emotional.,2019-09-24
Believer,Rihanna,Metal,Essential Collection,3.1,A masterpiece with incredible lyrics!,2007-06-27
Hotel California,Ed Sheeran,Metal,Essential Collection,4.0,A great beat with meaningful lyrics.,2009-02-24
Montero,Dua Lipa,Grunge,Top Chart,3.1,Fantastic melody and vocals.,2002-11-13
Billie Jean,Maroon 5,Punk,Platinum Records,3.5,This song never gets old!,2010-10-16
We Don't Talk Anymore,Billie Eilish,Folk,Best Hits,3.2,A great beat with meaningful lyrics.,2020-03-25
Happy,Justin Bieber,Classical,Platinum Records,3.9,Fantastic melody and vocals.,2012-04-09
Industry Baby,Nirvana,Disco,Best Hits,4.2,Super catchy and emotional.,2022-08-12
Closer,Taylor Swift,Lo-Fi,Top Chart,4.2,A true chart-topper!,2010-08-12
Thunder,Sam Smith,Classical,Unplugged,3.5,Timeless classic!,2024-03-06
Havana,Justin Bieber,Rock,Greatest Songs,3.0,An absolute banger!,2010-01-04
7 Rings,Post Malone,Punk,Golden Era,3.0,A must-listen for all music lovers!,2006-10-10
Faded,Maroon 5,Hip-Hop,Top Chart,4.6,Timeless classic!,2016-12-21
Happier,The Beatles,Metal,Platinum Records,4.2,Fantastic melody and vocals.,2017-05-25
Faded,Sam Smith,Classical,Platinum Records,3.0,A great beat with meaningful lyrics.,2017-09-06
Blinding Lights,Billie Eilish,R&B,Golden Era,3.9,A masterpiece with incredible lyrics!,2012-10-23
Waka Waka,Ed Sheeran,Funk,Golden Era,3.3,A true chart-topper!,2002-04-03
Without Me,Adele,Lo-Fi,Golden Era,4.9,A true chart-topper!,2002-12-20
Thunder,Bruno Mars,House,Platinum Records,3.1,A true chart-topper!,2021-07-28
Hotel California,Lil Nas X,Rock,Top Chart,4.1,This song never gets old!,2008-03-23
Senorita,Sia,House,Essential Collection,4.1,Timeless classic!,2010-09-12
God's Plan,Camila Cabello,Grunge,Unplugged,3.7,A great beat with meaningful lyrics.,2012-03-13
Smells Like Teen Spirit,Bruno Mars,Electronic,Golden Era,3.0,This song never gets old!,2003-12-27
Perfect,Eminem,Metal,Best Hits,3.9,A great beat with meaningful lyrics.,2009-10-19
Without Me,Shawn Mendes,Folk,Platinum Records,4.7,Super catchy and emotional.,2002-06-08
Sorry,Lil Nas X,Funk,Greatest Songs,3.8,Super catchy and emotional.,2014-01-08
Blank Space,Shawn Mendes,Folk,Unplugged,3.6,A masterpiece with incredible lyrics!,2017-03-22
Rolling in the Deep,Maroon 5,Funk,Platinum Records,3.6,A must-listen for all music lovers!,2008-01-16
Bad Habits,Billie Eilish,Metal,Top Chart,3.7,This song never gets old!,2007-12-08
Can't Stop the Feeling,Post Malone,House,Top Chart,3.2,A true chart-topper!,2007-04-15
Shape of You,Ed Sheeran,Lo-Fi,Golden Era,4.5,Timeless classic!,2020-04-05
Believer,Justin Bieber,Punk,Greatest Songs,4.0,A great beat with meaningful lyrics.,2000-05-08
Blank Space,Imagine Dragons,R&B,Platinum Records,3.1,An absolute banger!,2000-10-16
Blank Space,One Direction,Country,Best Hits,3.6,A great beat with meaningful lyrics.,2014-07-18
Uptown Funk,Taylor Swift,Rock,Golden Era,5.0,Timeless classic!,2017-10-07
See You Again,Queen,Punk,Unplugged,4.0,Super catchy and emotional.,2013-03-28
Hello,Eminem,Jazz,Greatest Songs,4.3,An absolute banger!,2016-10-13
Faded,The Weeknd,Rock,Top Chart,4.8,Timeless classic!,2020-10-13
No Tears Left to Cry,Taylor Swift,Jazz,Best Hits,4.7,Timeless classic!,2023-05-23
Shallow,The Chainsmokers,Hip-Hop,Top Chart,4.9,Fantastic melody and vocals.,2011-05-14
Rolling in the Deep,Bruno Mars,Hip-Hop,Golden Era,3.2,Fantastic melody and vocals.,2011-06-08
Montero,John Legend,Disco,Best Hits,3.4,A must-listen for all music lovers!,2010-09-12
Shake It Off,Sam Smith,Reggae,Top Chart,4.7,Super catchy and emotional.,2002-12-05
Old Town Road,The Weeknd,Punk,Platinum Records,3.3,Timeless classic!,2010-12-08
Shape of You,Post Malone,Metal,Platinum Records,5.0,Timeless classic!,2017-10-05
Hotline Bling,One Direction,Classical,Greatest Songs,4.7,An absolute banger!,2003-09-23
Let Her Go,Camila Cabello,Metal,Golden Era,4.4,A must-listen for all music lovers!,2015-09-11
Montero,Lady Gaga,Reggae,Best Hits,3.5,Timeless classic!,2003-10-08
Taki Taki,Billie Eilish,Metal,Top Chart,3.2,Super catchy and emotional.,2023-06-23
7 Rings,Bruno Mars,Punk,Greatest Songs,4.4,An absolute banger!,2022-11-18
Counting Stars,Lil Nas X,Funk,Top Chart,4.6,A must-listen for all music lovers!,2007-08-09
Let Her Go,One Direction,Trap,Platinum Records,4.6,A true chart-topper!,2018-01-15
Cheap Thrills,The Chainsmokers,R&B,Greatest Songs,4.1,A true chart-topper!,2019-08-16
"Thank U, Next",BTS,Classical,Golden Era,3.0,Super catchy and emotional.,2018-07-03
Closer,Nirvana,Soul,Best Hits,4.4,A masterpiece with incredible lyrics!,2005-01-18
Attention,Dua Lipa,Pop,Platinum Records,3.1,A masterpiece with incredible lyrics!,2014-09-21
7 Rings,Camila Cabello,Metal,Platinum Records,4.8,A true chart-topper!,2001-06-16
Blinding Lights,Taylor Swift,Trap,Essential Collection,3.1,A true chart-topper!,2022-03-03
Can't Stop the Feeling,Imagine Dragons,Grunge,Platinum Records,3.1,A must-listen for all music lovers!,2021-06-03
Bohemian Rhapsody,Queen,Jazz,Unplugged,3.6,A masterpiece with incredible lyrics!,2023-05-19
Chandelier,Michael Jackson,Classical,Greatest Songs,3.5,Fantastic melody and vocals.,2008-12-01
What Makes You Beautiful,The Chainsmokers,Electronic,Greatest Songs,4.4,A masterpiece with incredible lyrics!,2022-10-16
Shallow,Shawn Mendes,Reggae,Top Chart,4.6,A great beat with meaningful lyrics.,2013-12-25
Take Me to Church,Adele,Disco,Golden Era,3.8,A must-listen for all music lovers!,2004-07-07
Shake It Off,BTS,Punk,Unplugged,4.4,Timeless classic!,2021-08-10
Shallow,Nirvana,Reggae,Unplugged,4.8,This song never gets old!,2017-12-22
Savage Love,Coldplay,Soul,Unplugged,4.2,Fantastic melody and vocals.,2009-06-08
Savage Love,One Direction,Metal,Platinum Records,3.2,A true chart-topper!,2018-09-14
God's Plan,Drake,Classical,Essential Collection,3.6,Super catchy and emotional.,2004-09-22
"Thank U, Next",BTS,Blues,Greatest Songs,3.3,Fantastic melody and vocals.,2018-06-28
Stay,Bruno Mars,Blues,Greatest Songs,4.2,Timeless classic!,2000-10-02
Thunder,One Direction,Punk,Unplugged,4.7,An absolute banger!,2022-06-19
Someone Like You,Taylor Swift,Soul,Unplugged,4.8,An absolute banger!,2003-02-20
Happier,John Legend,Reggae,Platinum Records,4.3,Fantastic melody and vocals.,2002-09-14
Peaches,One Direction,Hip-Hop,Top Chart,4.3,This song never gets old!,2023-03-24
Bad Guy,Imagine Dragons,Rock,Best Hits,4.0,Fantastic melody and vocals.,2006-04-20
Stay,Ed Sheeran,Electronic,Best Hits,3.5,Timeless classic!,2024-03-27
Chandelier,The Weeknd,Lo-Fi,Unplugged,4.0,An absolute banger!,2005-01-21
Believer,The Beatles,Folk,Best Hits,4.0,Super catchy and emotional.,2015-12-04
Shake It Off,Imagine Dragons,Rock,Top Chart,3.6,Timeless classic!,2010-02-04
Stay,The Beatles,Electronic,Top Chart,4.5,An absolute banger!,2012-10-23
Bad Guy,Sia,Blues,Golden Era,4.0,A great beat with meaningful lyrics.,2021-07-26
We Don't Talk Anymore,Dua Lipa,Lo-Fi,Essential Collection,3.2,An absolute banger!,2013-07-23
Smells Like Teen Spirit,The Chainsmokers,Trap,Best Hits,4.5,A must-listen for all music lovers!,2015-03-28
Roar,Drake,Grunge,Unplugged,4.4,An absolute banger!,2010-03-04
Shallow,The Weeknd,Hip-Hop,Greatest Songs,3.7,A great beat with meaningful lyrics.,2009-06-06
Attention,Ed Sheeran,Pop,Top Chart,4.7,Super catchy and emotional.,2022-07-09
Despacito,John Legend,R&B,Best Hits,3.5,A true chart-topper!,2015-02-06
Hotline Bling,John Legend,Metal,Greatest Songs,4.3,A great beat with meaningful lyrics.,2008-07-07
See You Again,Eminem,Metal,Unplugged,4.7,Timeless classic!,2007-06-21
Stressed Out,Post Malone,Trap,Golden Era,4.4,Fantastic melody and vocals.,2020-02-11
Hotel California,Sia,R&B,Platinum Records,3.2,A true chart-topper!,2014-02-17
Perfect,Post Malone,Disco,Essential Collection,4.0,An absolute banger!,2008-01-20
"Thank U, Next",The Beatles,Jazz,Greatest Songs,3.4,A great beat with meaningful lyrics.,2001-09-02
Without Me,Lady Gaga,Classical,Best Hits,4.3,A masterpiece with incredible lyrics!,2021-06-04
Peaches,Maroon 5,Grunge,Platinum Records,3.9,This song never gets old!,2005-01-17
See You Again,Coldplay,Classical,Platinum Records,3.8,An absolute banger!,2000-01-11
Hotline Bling,The Beatles,Electronic,Golden Era,4.0,A true chart-topper!,2012-05-01
Shape of You,The Chainsmokers,Funk,Golden Era,3.7,A great beat with meaningful lyrics.,2018-10-12
Levitating,Adele,Disco,Platinum Records,4.6,A must-listen for all music lovers!,2002-03-07
Happier,Camila Cabello,House,Best Hits,4.5,A true chart-topper!,2020-10-16
Billie Jean,The Beatles,Metal,Unplugged,4.0,A masterpiece with incredible lyrics!,2005-09-07
Despacito,Shawn Mendes,Trap,Platinum Records,3.6,A masterpiece with incredible lyrics!,2011-02-28
Without Me,Dua Lipa,Funk,Top Chart,4.9,A must-listen for all music lovers!,2021-03-20
See You Again,Ed Sheeran,Classical,Essential Collection,4.4,Super catchy and emotional.,2011-10-06
Believer,Drake,R&B,Top Chart,4.3,This song never gets old!,2014-12-28
Chandelier,Katy Perry,Pop,Greatest Songs,4.7,A must-listen for all music lovers!,2024-03-17
Rockstar,One Direction,Trap,Essential Collection,3.2,A must-listen for all music lovers!,2004-08-01
"Thank U, Next",Camila Cabello,Reggae,Top Chart,3.3,Timeless classic!,2019-01-18
Chandelier,Queen,Rock,Top Chart,4.8,Fantastic melody and vocals.,2003-05-10
Old Town Road,Dua Lipa,Electronic,Golden Era,3.8,Super catchy and emotional.,2003-06-22
Uptown Funk,Queen,Jazz,Unplugged,3.9,Fantastic melody and vocals.,2005-10-17
Radioactive,Maroon 5,Metal,Best Hits,4.2,Super catchy and emotional.,2005-02-16
Sorry,Rihanna,Funk,Unplugged,3.4,Fantastic melody and vocals.,2006-10-05
Stay,Billie Eilish,Hip-Hop,Golden Era,3.8,Timeless classic!,2019-06-15
Memories,The Beatles,Grunge,Greatest Songs,3.1,Super catchy and emotional.,2021-09-27
We Don't Talk Anymore,Nirvana,Punk,Top Chart,3.8,A must-listen for all music lovers!,2012-08-04
Stay,Katy Perry,Hip-Hop,Greatest Songs,4.4,An absolute banger!,2021-09-03
God's Plan,One Direction,Pop,Unplugged,4.9,A true chart-topper!,2010-04-12
Radioactive,Post Malone,R&B,Platinum Records,4.2,A must-listen for all music lovers!,2004-04-27
Havana,Sam Smith,Classical,Top Chart,3.2,A masterpiece with incredible lyrics!,2015-04-26
Blank Space,Taylor Swift,Disco,Platinum Records,3.9,This song never gets old!,2012-01-12
Attention,Adele,Classical,Greatest Songs,3.2,An absolute banger!,2001-08-26
Someone Like You,Sia,Funk,Unplugged,3.2,Fantastic melody and vocals.,2021-12-25
Sugar,Shawn Mendes,Classical,Unplugged,3.0,A true chart-topper!,2018-02-28
7 Rings,BTS,Grunge,Best Hits,3.9,A must-listen for all music lovers!,2016-02-22
Rolling in the Deep,Justin Bieber,Grunge,Greatest Songs,3.5,Super catchy and emotional.,2020-06-17
Montero,Sam Smith,Reggae,Greatest Songs,4.0,A masterpiece with incredible lyrics!,2018-10-23
Hello,Lady Gaga,Grunge,Essential Collection,4.1,This song never gets old!,2017-09-13
Happy,Justin Bieber,Rock,Essential Collection,3.7,Timeless classic!,2024-09-21
Thinking Out Loud,The Chainsmokers,Jazz,Top Chart,3.2,This song never gets old!,2006-05-11
Sorry,Post Malone,Punk,Top Chart,4.1,A must-listen for all music lovers!,2004-08-25
Take Me to Church,Lil Nas X,Grunge,Unplugged,3.7,A great beat with meaningful lyrics.,2006-05-21
Bad Habits,Rihanna,Disco,Essential Collection,3.4,Fantastic melody and vocals.,2013-07-14
Despacito,Imagine Dragons,Pop,Greatest Songs,3.8,A true chart-topper!,2012-02-16
Counting Stars,Post Malone,Folk,Greatest Songs,3.9,Super catchy and emotional.,2000-08-04
Closer,Bruno Mars,Trap,Top Chart,3.7,Timeless classic!,2010-09-16
Thunder,Lady Gaga,Jazz,Top Chart,3.9,A must-listen for all music lovers!,2019-07-10
Attention,Justin Bieber,Grunge,Best Hits,3.7,Timeless classic!,2015-05-25
Memories,Justin Bieber,Jazz,Top Chart,3.1,Fantastic melody and vocals.,2021-12-02
Hotline Bling,Adele,Soul,Platinum Records,3.8,Fantastic melody and vocals.,2016-01-07
Rockstar,Imagine Dragons,Grunge,Best Hits,4.9,This song never gets old!,2002-05-19
Memories,Sia,Jazz,Golden Era,3.4,A great beat with meaningful lyrics.,2023-10-18
Stay,Justin Bieber,Electronic,Top Chart,3.4,A true chart-topper!,2005-11-11
Hello,The Weeknd,Classical,Top Chart,3.4,Fantastic melody and vocals.,2023-01-18
What Makes You Beautiful,John Legend,Folk,Platinum Records,3.6,Timeless classic!,2000-01-10
Hotel California,Rihanna,Lo-Fi,Best Hits,4.2,An absolute banger!,2012-04-12
Memories,Nirvana,Pop,Essential Collection,4.0,A must-listen for all music lovers!,2017-01-27
Cheap Thrills,The Chainsmokers,Grunge,Top Chart,3.2,An absolute banger!,2021-07-24
Memories,John Legend,R&B,Best Hits,3.1,Timeless classic!,2016-09-28
Hotline Bling,The Weeknd,Funk,Unplugged,3.5,This song never gets old!,2005-09-12
Bohemian Rhapsody,Sia,R&B,Best Hits,3.2,Fantastic melody and vocals.,2021-12-02
Happy,Eminem,Metal,Platinum Records,3.2,A great beat with meaningful lyrics.,2006-02-15
Can't Stop the Feeling,The Weeknd,Pop,Platinum Records,4.8,A must-listen for all music lovers!,2005-04-23
Let Her Go,Sam Smith,Electronic,Essential Collection,4.2,This song never gets old!,2010-02-23
Blank Space,The Weeknd,R&B,Golden Era,3.5,An absolute banger!,2006-08-07
Sunflower,Lady Gaga,Country,Greatest Songs,4.1,Super catchy and emotional.,2018-11-20
Chandelier,Drake,Hip-Hop,Greatest Songs,3.6,Fantastic melody and vocals.,2000-01-13
